Stock,Algorithm,Estimators,Depth,Distance_function,No_of_features,Model_Score,Future_day,C,No_of_neighbors,Our_test_score
GPJA,KNN,0,0,-1,-1,-1,10,-1,-1,-1
 GPJA,RF,-1,-1,0,-1,-1,-1,-1,-1,-1
 GPJA,SVM,0,0,Linear,-1,-1,10,-1,-1,-1
 GPJA,ZR,0,0,0,0,-1,10,-1,-1,-1
 GPJA,KNN,0,0,-1,-1,-1,20,-1,-1,-1
 GPJA,RF,-1,-1,0,-1,-1,-1,-1,-1,-1
 GPJA,SVM,0,0,Linear,-1,-1,20,-1,-1,-1
 GPJA,ZR,0,0,0,0,-1,20,-1,-1,-1
 GPJA,KNN,0,0,-1,-1,-1,30,-1,-1,-1
 GPJA,RF,-1,-1,0,-1,-1,-1,-1,-1,-1
 GPJA,SVM,0,0,Linear,-1,-1,30,-1,-1,-1
 GPJA,ZR,0,0,0,0,-1,30,-1,-1,-1
 GPJA,KNN,0,0,-1,-1,-1,40,-1,-1,-1
 GPJA,RF,-1,-1,0,-1,-1,-1,-1,-1,-1
 GPJA,SVM,0,0,Linear,-1,-1,40,-1,-1,-1
 GPJA,ZR,0,0,0,0,-1,40,-1,-1,-1
 GPJA,KNN,0,0,-1,-1,-1,50,-1,-1,-1
 GPJA,RF,-1,-1,0,-1,-1,-1,-1,-1,-1
 GPJA,SVM,0,0,Linear,-1,-1,50,-1,-1,-1
 GPJA,ZR,0,0,0,0,-1,50,-1,-1,-1
 GPJA,KNN,0,0,-1,-1,-1,60,-1,-1,-1
 GPJA,RF,-1,-1,0,-1,-1,-1,-1,-1,-1
 GPJA,SVM,0,0,Linear,-1,-1,60,-1,-1,-1
 GPJA,ZR,0,0,0,0,-1,60,-1,-1,-1
 GPJA,KNN,0,0,-1,-1,-1,70,-1,-1,-1
 GPJA,RF,-1,-1,0,-1,-1,-1,-1,-1,-1
 GPJA,SVM,0,0,Linear,-1,-1,70,-1,-1,-1
 GPJA,ZR,0,0,0,0,-1,70,-1,-1,-1
 GPJA,KNN,0,0,-1,-1,-1,80,-1,-1,-1
 GPJA,RF,-1,-1,0,-1,-1,-1,-1,-1,-1
 GPJA,SVM,0,0,Linear,-1,-1,80,-1,-1,-1
 GPJA,ZR,0,0,0,0,-1,80,-1,-1,-1
 GPJA,KNN,0,0,-1,-1,-1,90,-1,-1,-1
 GPJA,RF,-1,-1,0,-1,-1,-1,-1,-1,-1
 GPJA,SVM,0,0,Linear,-1,-1,90,-1,-1,-1
 GPJA,ZR,0,0,0,0,-1,90,-1,-1,-1
 GPJA,KNN,0,0,-1,-1,-1,100,-1,-1,-1
 GPJA,RF,-1,-1,0,-1,-1,-1,-1,-1,-1
 GPJA,SVM,0,0,Linear,-1,-1,100,-1,-1,-1
 GPJA,ZR,0,0,0,0,-1,100,-1,-1,-1
 SWP,KNN,0,0,-1,-1,-1,10,-1,-1,-1
 SWP,RF,-1,-1,0,-1,-1,-1,-1,-1,-1
 SWP,SVM,0,0,Linear,-1,-1,10,-1,-1,-1
 SWP,ZR,0,0,0,0,-1,10,-1,-1,-1
 SWP,KNN,0,0,-1,-1,-1,20,-1,-1,-1
 SWP,RF,-1,-1,0,-1,-1,-1,-1,-1,-1
 SWP,SVM,0,0,Linear,-1,-1,20,-1,-1,-1
 SWP,ZR,0,0,0,0,-1,20,-1,-1,-1
 SWP,KNN,0,0,-1,-1,-1,30,-1,-1,-1
 SWP,RF,-1,-1,0,-1,-1,-1,-1,-1,-1
 SWP,SVM,0,0,Linear,-1,-1,30,-1,-1,-1
 SWP,ZR,0,0,0,0,-1,30,-1,-1,-1
 SWP,KNN,0,0,-1,-1,-1,40,-1,-1,-1
 SWP,RF,-1,-1,0,-1,-1,-1,-1,-1,-1
 SWP,SVM,0,0,Linear,-1,-1,40,-1,-1,-1
 SWP,ZR,0,0,0,0,-1,40,-1,-1,-1
 SWP,KNN,0,0,-1,-1,-1,50,-1,-1,-1
 SWP,RF,-1,-1,0,-1,-1,-1,-1,-1,-1
 SWP,SVM,0,0,Linear,-1,-1,50,-1,-1,-1
 SWP,ZR,0,0,0,0,-1,50,-1,-1,-1
 SWP,KNN,0,0,-1,-1,-1,60,-1,-1,-1
 SWP,RF,-1,-1,0,-1,-1,-1,-1,-1,-1
 SWP,SVM,0,0,Linear,-1,-1,60,-1,-1,-1
 SWP,ZR,0,0,0,0,-1,60,-1,-1,-1
 SWP,KNN,0,0,-1,-1,-1,70,-1,-1,-1
 SWP,RF,-1,-1,0,-1,-1,-1,-1,-1,-1
 SWP,SVM,0,0,Linear,-1,-1,70,-1,-1,-1
 SWP,ZR,0,0,0,0,-1,70,-1,-1,-1
 SWP,KNN,0,0,-1,-1,-1,80,-1,-1,-1
 SWP,RF,-1,-1,0,-1,-1,-1,-1,-1,-1
 SWP,SVM,0,0,Linear,-1,-1,80,-1,-1,-1
 SWP,ZR,0,0,0,0,-1,80,-1,-1,-1
 SWP,KNN,0,0,-1,-1,-1,90,-1,-1,-1
 SWP,RF,-1,-1,0,-1,-1,-1,-1,-1,-1
 SWP,SVM,0,0,Linear,-1,-1,90,-1,-1,-1
 SWP,ZR,0,0,0,0,-1,90,-1,-1,-1
 SWP,KNN,0,0,-1,-1,-1,100,-1,-1,-1
 SWP,RF,-1,-1,0,-1,-1,-1,-1,-1,-1
 SWP,SVM,0,0,Linear,-1,-1,100,-1,-1,-1
 SWP,ZR,0,0,0,0,-1,100,-1,-1,-1
 SJIU,KNN,0,0,euclidean,all,8.0,10,-1,3,10
 SJIU,RF,10,10,0,10,8.0,10,-1,-1,10
 SJIU,SVM,0,0,Linear,10,8.0,10,0.5,-1,10
 SJIU,ZR,0,0,0,0,8.0,10,-1,-1,10
 SJIU,KNN,0,0,-1,-1,-1,20,-1,-1,-1
 SJIU,RF,-1,-1,0,-1,-1,-1,-1,-1,-1
 SJIU,SVM,0,0,Linear,-1,-1,20,-1,-1,-1
 SJIU,ZR,0,0,0,0,-1,20,-1,-1,-1
 SJIU,KNN,0,0,-1,-1,-1,30,-1,-1,-1
 SJIU,RF,-1,-1,0,-1,-1,-1,-1,-1,-1
 SJIU,SVM,0,0,Linear,-1,-1,30,-1,-1,-1
 SJIU,ZR,0,0,0,0,-1,30,-1,-1,-1
 SJIU,KNN,0,0,-1,-1,-1,40,-1,-1,-1
 SJIU,RF,-1,-1,0,-1,-1,-1,-1,-1,-1
 SJIU,SVM,0,0,Linear,-1,-1,40,-1,-1,-1
 SJIU,ZR,0,0,0,0,-1,40,-1,-1,-1
 SJIU,KNN,0,0,-1,-1,-1,50,-1,-1,-1
 SJIU,RF,-1,-1,0,-1,-1,-1,-1,-1,-1
 SJIU,SVM,0,0,Linear,-1,-1,50,-1,-1,-1
 SJIU,ZR,0,0,0,0,-1,50,-1,-1,-1
 SJIU,KNN,0,0,-1,-1,-1,60,-1,-1,-1
 SJIU,RF,-1,-1,0,-1,-1,-1,-1,-1,-1
 SJIU,SVM,0,0,Linear,-1,-1,60,-1,-1,-1
 SJIU,ZR,0,0,0,0,-1,60,-1,-1,-1
 SJIU,KNN,0,0,-1,-1,-1,70,-1,-1,-1
 SJIU,RF,-1,-1,0,-1,-1,-1,-1,-1,-1
 SJIU,SVM,0,0,Linear,-1,-1,70,-1,-1,-1
 SJIU,ZR,0,0,0,0,-1,70,-1,-1,-1
 SJIU,KNN,0,0,-1,-1,-1,80,-1,-1,-1
 SJIU,RF,-1,-1,0,-1,-1,-1,-1,-1,-1
 SJIU,SVM,0,0,Linear,-1,-1,80,-1,-1,-1
 SJIU,ZR,0,0,0,0,-1,80,-1,-1,-1
 SJIU,KNN,0,0,-1,-1,-1,90,-1,-1,-1
 SJIU,RF,-1,-1,0,-1,-1,-1,-1,-1,-1
 SJIU,SVM,0,0,Linear,-1,-1,90,-1,-1,-1
 SJIU,ZR,0,0,0,0,-1,90,-1,-1,-1
 SJIU,KNN,0,0,-1,-1,-1,100,-1,-1,-1
 SJIU,RF,-1,-1,0,-1,-1,-1,-1,-1,-1
 SJIU,SVM,0,0,Linear,-1,-1,100,-1,-1,-1
 SJIU,ZR,0,0,0,0,-1,100,-1,-1,-1
 FRAC,KNN,0,0,braycurtis,all,7.875,10,-1,9,9
 FRAC,RF,20,20,0,15,7.75,10,-1,-1,3
 FRAC,SVM,0,0,Linear,20,7.5,10,0.5,-1,9
 FRAC,ZR,0,0,0,0,8.0,10,-1,-1,0
 FRAC,KNN,0,0,canberra,all,15.0,20,-1,7,11
 FRAC,RF,10,10,0,22,15.666666666666666,20,-1,-1,14
 FRAC,SVM,0,0,Linear,15,16.333333333333332,20,5,-1,9
 FRAC,ZR,0,0,0,0,14.333333333333334,20,-1,-1,11
 FRAC,KNN,0,0,hamming,all,16.0,30,-1,9,16
 FRAC,RF,10,40,0,24,18.0,30,-1,-1,15
 FRAC,SVM,0,0,Linear,10,20.0,30,5,-1,15
 FRAC,ZR,0,0,0,0,19.0,30,-1,-1,16
 FRAC,KNN,0,0,chebyshev,all,-1,40,-1,9,26
 FRAC,RF,10,50,0,15,-1,40,-1,-1,25
 FRAC,SVM,0,0,Linear,10,-1,40,100,-1,21
 FRAC,ZR,0,0,0,0,-1,40,-1,-1,19
 FRAC,KNN,0,0,hamming,all,-1,50,-1,3,30
 FRAC,RF,20,40,0,15,-1,50,-1,-1,30
 FRAC,SVM,0,0,Linear,10,-1,50,0.5,-1,21
 FRAC,ZR,0,0,0,0,-1,50,-1,-1,21
 FRAC,KNN,0,0,braycurtis,all,-1,60,-1,11,43
 FRAC,RF,20,30,0,20,-1,60,-1,-1,49
 FRAC,SVM,0,0,Linear,10,-1,60,0.5,-1,45
 FRAC,ZR,0,0,0,0,-1,60,-1,-1,47
 FRAC,KNN,0,0,-1,-1,-1,70,-1,-1,-1
 FRAC,RF,-1,-1,0,-1,-1,-1,-1,-1,-1
 FRAC,SVM,0,0,Linear,-1,-1,70,-1,-1,-1
 FRAC,ZR,0,0,0,0,-1,70,-1,-1,-1
 FRAC,KNN,0,0,-1,-1,-1,80,-1,-1,-1
 FRAC,RF,-1,-1,0,-1,-1,-1,-1,-1,-1
 FRAC,SVM,0,0,Linear,-1,-1,80,-1,-1,-1
 FRAC,ZR,0,0,0,0,-1,80,-1,-1,-1
 FRAC,KNN,0,0,-1,-1,-1,90,-1,-1,-1
 FRAC,RF,-1,-1,0,-1,-1,-1,-1,-1,-1
 FRAC,SVM,0,0,Linear,-1,-1,90,-1,-1,-1
 FRAC,ZR,0,0,0,0,-1,90,-1,-1,-1
 FRAC,KNN,0,0,-1,-1,-1,100,-1,-1,-1
 FRAC,RF,-1,-1,0,-1,-1,-1,-1,-1,-1
 FRAC,SVM,0,0,Linear,-1,-1,100,-1,-1,-1
 FRAC,ZR,0,0,0,0,-1,100,-1,-1,-1
 VSM,KNN,0,0,braycurtis,all,10.0,10,-1,9,8
 VSM,RF,10,20,0,10,10.0,10,-1,-1,10
 VSM,SVM,0,0,Linear,10,10.0,10,5,-1,10
 VSM,ZR,0,0,0,0,10.0,10,-1,-1,10
 VSM,KNN,0,0,braycurtis,all,12.0,20,-1,5,20
 VSM,RF,10,30,0,10,16.25,20,-1,-1,20
 VSM,SVM,0,0,Linear,10,14.75,20,0.5,-1,20
 VSM,ZR,0,0,0,0,1.25,20,-1,-1,20
 VSM,KNN,0,0,braycurtis,all,16.0,30,-1,5,15
 VSM,RF,10,40,0,10,18.0,30,-1,-1,28
 VSM,SVM,0,0,Linear,10,27.0,30,0.5,-1,2
 VSM,ZR,0,0,0,0,13.5,30,-1,-1,28
 VSM,KNN,0,0,braycurtis,all,35.0,40,-1,9,24
 VSM,RF,20,30,0,24,37.0,40,-1,-1,25
 VSM,SVM,0,0,Linear,10,37.0,40,0.5,-1,24
 VSM,ZR,0,0,0,0,37.0,40,-1,-1,24
 VSM,KNN,0,0,hamming,all,-1,50,-1,9,37
 VSM,RF,30,50,0,24,-1,50,-1,-1,35
 VSM,SVM,0,0,Linear,10,-1,50,5,-1,34
 VSM,ZR,0,0,0,0,-1,50,-1,-1,34
 VSM,KNN,0,0,chebyshev,all,-1,60,-1,7,44
 VSM,RF,40,50,0,15,-1,60,-1,-1,38
 VSM,SVM,0,0,Linear,10,-1,60,0.5,-1,37
 VSM,ZR,0,0,0,0,-1,60,-1,-1,23
 VSM,KNN,0,0,canberra,all,-1,70,-1,3,52
 VSM,RF,50,10,0,20,-1,70,-1,-1,57
 VSM,SVM,0,0,Linear,10,-1,70,0.5,-1,51
 VSM,ZR,0,0,0,0,-1,70,-1,-1,20
 VSM,KNN,0,0,-1,-1,-1,80,-1,-1,-1
 VSM,RF,-1,-1,0,-1,-1,-1,-1,-1,-1
 VSM,SVM,0,0,Linear,-1,-1,80,-1,-1,-1
 VSM,ZR,0,0,0,0,-1,80,-1,-1,-1
 VSM,KNN,0,0,-1,-1,-1,90,-1,-1,-1
 VSM,RF,-1,-1,0,-1,-1,-1,-1,-1,-1
 VSM,SVM,0,0,Linear,-1,-1,90,-1,-1,-1
 VSM,ZR,0,0,0,0,-1,90,-1,-1,-1
 VSM,KNN,0,0,-1,-1,-1,100,-1,-1,-1
 VSM,RF,-1,-1,0,-1,-1,-1,-1,-1,-1
 VSM,SVM,0,0,Linear,-1,-1,100,-1,-1,-1
 VSM,ZR,0,0,0,0,-1,100,-1,-1,-1
 CWEN,KNN,0,0,hamming,all,7.222222222222222,10,-1,5,9
 CWEN,RF,40,40,0,15,7.222222222222222,10,-1,-1,9
 CWEN,SVM,0,0,Linear,20,6.777777777777778,10,0.5,-1,0
 CWEN,ZR,0,0,0,0,6.777777777777778,10,-1,-1,10
 CWEN,KNN,0,0,manhattan,all,12.0,20,-1,9,6
 CWEN,RF,10,30,0,10,14.142857142857142,20,-1,-1,16
 CWEN,SVM,0,0,Linear,15,13.0,20,1,-1,9
 CWEN,ZR,0,0,0,0,8.428571428571429,20,-1,-1,2
 CWEN,KNN,0,0,manhattan,all,21.25,30,-1,7,7
 CWEN,RF,10,40,0,10,21.75,30,-1,-1,23
 CWEN,SVM,0,0,Linear,15,21.0,30,0.5,-1,20
 CWEN,ZR,0,0,0,0,12.5,30,-1,-1,0
 CWEN,KNN,0,0,manhattan,all,28.0,40,-1,9,18
 CWEN,RF,30,50,0,20,31.0,40,-1,-1,38
 CWEN,SVM,0,0,Linear,10,33.0,40,100,-1,38
 CWEN,ZR,0,0,0,0,17.5,40,-1,-1,2
 CWEN,KNN,0,0,manhattan,all,30.0,50,-1,9,29
 CWEN,RF,10,10,0,20,42.5,50,-1,-1,30
 CWEN,SVM,0,0,Linear,15,26.5,50,100,-1,29
 CWEN,ZR,0,0,0,0,5.0,50,-1,-1,29
 CWEN,KNN,0,0,euclidean,all,41.0,60,-1,3,36
 CWEN,RF,30,40,0,10,55.0,60,-1,-1,26
 CWEN,SVM,0,0,Linear,15,50.0,60,100,-1,29
 CWEN,ZR,0,0,0,0,4.0,60,-1,-1,29
 CWEN,KNN,0,0,hamming,all,-1,70,-1,3,27
 CWEN,RF,10,30,0,10,-1,70,-1,-1,29
 CWEN,SVM,0,0,Linear,15,-1,70,100,-1,18
 CWEN,ZR,0,0,0,0,-1,70,-1,-1,9
 CWEN,KNN,0,0,canberra,all,-1,80,-1,5,57
 CWEN,RF,10,30,0,15,-1,80,-1,-1,68
 CWEN,SVM,0,0,Linear,10,-1,80,0.5,-1,49
 CWEN,ZR,0,0,0,0,-1,80,-1,-1,49
 CWEN,KNN,0,0,euclidean,all,-1,90,-1,3,87
 CWEN,RF,10,50,0,15,-1,90,-1,-1,80
 CWEN,SVM,0,0,Linear,10,-1,90,5,-1,87
 CWEN,ZR,0,0,0,0,-1,90,-1,-1,87
 CWEN,KNN,0,0,manhattan,all,-1,100,-1,11,96
 CWEN,RF,50,50,0,24,-1,100,-1,-1,58
 CWEN,SVM,0,0,Linear,10,-1,100,100,-1,97
 CWEN,ZR,0,0,0,0,-1,100,-1,-1,97
 AVNS,KNN,0,0,hamming,all,4.666666666666667,10,-1,11,3
 AVNS,RF,50,30,0,10,4.777777777777778,10,-1,-1,7
 AVNS,SVM,0,0,Linear,20,4.222222222222222,10,0.5,-1,7
 AVNS,ZR,0,0,0,0,2.7777777777777777,10,-1,-1,7
 AVNS,KNN,0,0,euclidean,all,10.375,20,-1,3,19
 AVNS,RF,10,30,0,22,12.75,20,-1,-1,20
 AVNS,SVM,0,0,Linear,10,11.0,20,0.5,-1,20
 AVNS,ZR,0,0,0,0,7.5,20,-1,-1,0
 AVNS,KNN,0,0,manhattan,all,19.4,30,-1,7,11
 AVNS,RF,10,40,0,20,19.0,30,-1,-1,3
 AVNS,SVM,0,0,Linear,15,23.0,30,0.5,-1,4
 AVNS,ZR,0,0,0,0,11.8,30,-1,-1,3
 AVNS,KNN,0,0,hamming,all,22.333333333333332,40,-1,9,13
 AVNS,RF,50,40,0,22,31.333333333333332,40,-1,-1,14
 AVNS,SVM,0,0,Linear,10,34.0,40,100,-1,13
 AVNS,ZR,0,0,0,0,14.0,40,-1,-1,13
 AVNS,KNN,0,0,hamming,all,27.5,50,-1,3,24
 AVNS,RF,30,40,0,24,36.0,50,-1,-1,29
 AVNS,SVM,0,0,Linear,10,32.5,50,10,-1,29
 AVNS,ZR,0,0,0,0,14.0,50,-1,-1,29
 AVNS,KNN,0,0,canberra,all,39.0,60,-1,9,21
 AVNS,RF,20,50,0,10,57.0,60,-1,-1,50
 AVNS,SVM,0,0,Linear,15,35.0,60,1,-1,29
 AVNS,ZR,0,0,0,0,3.0,60,-1,-1,29
 AVNS,KNN,0,0,manhattan,all,52.0,70,-1,7,44
 AVNS,RF,10,20,0,15,55.0,70,-1,-1,29
 AVNS,SVM,0,0,Linear,20,15.0,70,0.5,-1,39
 AVNS,ZR,0,0,0,0,13.0,70,-1,-1,53
 AVNS,KNN,0,0,hamming,all,48.0,80,-1,7,32
 AVNS,RF,10,30,0,15,57.0,80,-1,-1,18
 AVNS,SVM,0,0,Linear,10,57.0,80,100,-1,13
 AVNS,ZR,0,0,0,0,37.0,80,-1,-1,67
 AVNS,KNN,0,0,canberra,all,-1,90,-1,3,64
 AVNS,RF,50,30,0,10,-1,90,-1,-1,65
 AVNS,SVM,0,0,Linear,15,-1,90,0.5,-1,49
 AVNS,ZR,0,0,0,0,-1,90,-1,-1,73
 AVNS,KNN,0,0,chebyshev,all,-1,100,-1,5,63
 AVNS,RF,30,30,0,10,-1,100,-1,-1,83
 AVNS,SVM,0,0,Linear,10,-1,100,1,-1,43
 AVNS,ZR,0,0,0,0,-1,100,-1,-1,75
 SMLP,KNN,0,0,hamming,all,5.333333333333333,10,-1,9,1
 SMLP,RF,40,30,0,10,5.777777777777778,10,-1,-1,3
 SMLP,SVM,0,0,Linear,20,5.555555555555555,10,1,-1,3
 SMLP,ZR,0,0,0,0,2.2222222222222223,10,-1,-1,6
 SMLP,KNN,0,0,braycurtis,all,12.0,20,-1,5,5
 SMLP,RF,50,10,0,15,14.777777777777779,20,-1,-1,5
 SMLP,SVM,0,0,Linear,10,11.222222222222221,20,5,-1,5
 SMLP,ZR,0,0,0,0,5.777777777777778,20,-1,-1,3
 SMLP,KNN,0,0,chebyshev,all,16.25,30,-1,9,15
 SMLP,RF,10,30,0,20,19.625,30,-1,-1,14
 SMLP,SVM,0,0,Linear,15,19.375,30,100,-1,23
 SMLP,ZR,0,0,0,0,10.125,30,-1,-1,17
 SMLP,KNN,0,0,manhattan,all,23.166666666666668,40,-1,11,30
 SMLP,RF,20,30,0,10,26.5,40,-1,-1,26
 SMLP,SVM,0,0,Linear,10,27.666666666666668,40,1,-1,32
 SMLP,ZR,0,0,0,0,16.0,40,-1,-1,7
 SMLP,KNN,0,0,manhattan,all,29.5,50,-1,7,35
 SMLP,RF,20,20,0,22,32.75,50,-1,-1,33
 SMLP,SVM,0,0,Linear,20,29.75,50,1,-1,36
 SMLP,ZR,0,0,0,0,23.0,50,-1,-1,12
 SMLP,KNN,0,0,manhattan,all,38.666666666666664,60,-1,3,25
 SMLP,RF,10,10,0,15,39.333333333333336,60,-1,-1,19
 SMLP,SVM,0,0,Linear,10,33.666666666666664,60,0.5,-1,53
 SMLP,ZR,0,0,0,0,25.333333333333332,60,-1,-1,7
 SMLP,KNN,0,0,hamming,all,41.0,70,-1,5,27
 SMLP,RF,50,30,0,22,48.5,70,-1,-1,48
 SMLP,SVM,0,0,Linear,20,39.5,70,100,-1,42
 SMLP,ZR,0,0,0,0,33.0,70,-1,-1,12
 SMLP,KNN,0,0,canberra,all,51.0,80,-1,11,24
 SMLP,RF,10,10,0,24,55.0,80,-1,-1,51
 SMLP,SVM,0,0,Linear,20,51.0,80,100,-1,42
 SMLP,ZR,0,0,0,0,31.5,80,-1,-1,38
 SMLP,KNN,0,0,canberra,all,48.0,90,-1,5,45
 SMLP,RF,10,40,0,10,58.0,90,-1,-1,55
 SMLP,SVM,0,0,Linear,15,42.0,90,10,-1,59
 SMLP,ZR,0,0,0,0,52.0,90,-1,-1,31
 SMLP,KNN,0,0,chebyshev,all,59.0,100,-1,3,55
 SMLP,RF,30,20,0,15,71.0,100,-1,-1,62
 SMLP,SVM,0,0,Linear,15,56.0,100,5,-1,48
 SMLP,ZR,0,0,0,0,45.0,100,-1,-1,41
 MN,KNN,0,0,hamming,all,4.777777777777778,10,-1,7,7
 MN,RF,30,40,0,15,5.444444444444445,10,-1,-1,9
 MN,SVM,0,0,Linear,10,5.0,10,100,-1,10
 MN,ZR,0,0,0,0,3.111111111111111,10,-1,-1,0
 MN,KNN,0,0,chebyshev,all,12.222222222222221,20,-1,9,11
 MN,RF,50,40,0,22,13.88888888888889,20,-1,-1,3
 MN,SVM,0,0,Linear,15,12.0,20,1,-1,5
 MN,ZR,0,0,0,0,10.444444444444445,20,-1,-1,4
 MN,KNN,0,0,chebyshev,all,16.11111111111111,30,-1,11,22
 MN,RF,10,40,0,10,17.333333333333332,30,-1,-1,17
 MN,SVM,0,0,Linear,10,13.555555555555555,30,0.5,-1,14
 MN,ZR,0,0,0,0,7.222222222222222,30,-1,-1,14
 MN,KNN,0,0,chebyshev,all,22.571428571428573,40,-1,3,16
 MN,RF,30,30,0,15,25.142857142857142,40,-1,-1,21
 MN,SVM,0,0,Linear,10,22.428571428571427,40,100,-1,27
 MN,ZR,0,0,0,0,16.428571428571427,40,-1,-1,19
 MN,KNN,0,0,chebyshev,all,27.8,50,-1,5,28
 MN,RF,20,10,0,20,29.8,50,-1,-1,19
 MN,SVM,0,0,Linear,10,25.8,50,0.5,-1,22
 MN,ZR,0,0,0,0,20.8,50,-1,-1,21
 MN,KNN,0,0,hamming,all,35.0,60,-1,11,23
 MN,RF,10,50,0,24,36.0,60,-1,-1,29
 MN,SVM,0,0,Linear,10,32.5,60,0.5,-1,37
 MN,ZR,0,0,0,0,28.75,60,-1,-1,23
 MN,KNN,0,0,euclidean,all,38.666666666666664,70,-1,5,47
 MN,RF,40,40,0,15,44.333333333333336,70,-1,-1,42
 MN,SVM,0,0,Linear,15,39.0,70,5,-1,48
 MN,ZR,0,0,0,0,31.0,70,-1,-1,23
 MN,KNN,0,0,hamming,all,47.0,80,-1,11,36
 MN,RF,40,30,0,15,48.5,80,-1,-1,51
 MN,SVM,0,0,Linear,15,37.0,80,0.5,-1,54
 MN,ZR,0,0,0,0,43.5,80,-1,-1,26
 MN,KNN,0,0,braycurtis,all,52.0,90,-1,3,55
 MN,RF,40,20,0,15,56.0,90,-1,-1,59
 MN,SVM,0,0,Linear,10,48.5,90,0.5,-1,59
 MN,ZR,0,0,0,0,41.5,90,-1,-1,31
 MN,KNN,0,0,hamming,all,62.0,100,-1,3,53
 MN,RF,20,40,0,10,65.0,100,-1,-1,57
 MN,SVM,0,0,Linear,10,41.0,100,0.5,-1,65
 MN,ZR,0,0,0,0,59.0,100,-1,-1,35
 AGRO,KNN,0,0,hamming,all,5.444444444444445,10,-1,11,5
 AGRO,RF,10,50,0,10,6.555555555555555,10,-1,-1,4
 AGRO,SVM,0,0,Linear,10,6.555555555555555,10,0.5,-1,4
 AGRO,ZR,0,0,0,0,6.555555555555555,10,-1,-1,4
 AGRO,KNN,0,0,hamming,all,8.444444444444445,20,-1,11,7
 AGRO,RF,30,20,0,24,9.666666666666666,20,-1,-1,10
 AGRO,SVM,0,0,Linear,15,8.444444444444445,20,100,-1,6
 AGRO,ZR,0,0,0,0,9.0,20,-1,-1,8
 AGRO,KNN,0,0,chebyshev,all,16.666666666666668,30,-1,5,21
 AGRO,RF,40,20,0,10,18.88888888888889,30,-1,-1,22
 AGRO,SVM,0,0,Linear,10,16.77777777777778,30,0.5,-1,21
 AGRO,ZR,0,0,0,0,16.11111111111111,30,-1,-1,22
 AGRO,KNN,0,0,manhattan,all,24.375,40,-1,3,18
 AGRO,RF,40,50,0,10,26.625,40,-1,-1,34
 AGRO,SVM,0,0,Linear,10,27.875,40,0.5,-1,33
 AGRO,ZR,0,0,0,0,24.5,40,-1,-1,21
 AGRO,KNN,0,0,canberra,all,26.666666666666668,50,-1,7,33
 AGRO,RF,20,50,0,22,25.5,50,-1,-1,30
 AGRO,SVM,0,0,Linear,15,28.0,50,0.5,-1,22
 AGRO,ZR,0,0,0,0,29.0,50,-1,-1,31
 AGRO,KNN,0,0,hamming,all,33.0,60,-1,11,26
 AGRO,RF,20,30,0,15,35.8,60,-1,-1,28
 AGRO,SVM,0,0,Linear,10,33.2,60,100,-1,28
 AGRO,ZR,0,0,0,0,37.2,60,-1,-1,17
 AGRO,KNN,0,0,hamming,all,35.5,70,-1,3,44
 AGRO,RF,10,30,0,20,35.25,70,-1,-1,40
 AGRO,SVM,0,0,Linear,10,38.0,70,5,-1,40
 AGRO,ZR,0,0,0,0,43.25,70,-1,-1,11
 AGRO,KNN,0,0,canberra,all,46.0,80,-1,9,49
 AGRO,RF,10,30,0,20,54.0,80,-1,-1,41
 AGRO,SVM,0,0,Linear,15,49.333333333333336,80,100,-1,35
 AGRO,ZR,0,0,0,0,49.666666666666664,80,-1,-1,21
 AGRO,KNN,0,0,hamming,all,55.0,90,-1,9,49
 AGRO,RF,10,40,0,10,68.0,90,-1,-1,60
 AGRO,SVM,0,0,Linear,10,62.5,90,100,-1,30
 AGRO,ZR,0,0,0,0,55.0,90,-1,-1,38
 AGRO,KNN,0,0,chebyshev,all,60.0,100,-1,3,51
 AGRO,RF,30,50,0,10,71.5,100,-1,-1,49
 AGRO,SVM,0,0,Linear,15,59.0,100,0.5,-1,68
 AGRO,ZR,0,0,0,0,62.5,100,-1,-1,48
 INXN,KNN,0,0,canberra,all,8.0,10,-1,11,7
 INXN,RF,30,50,0,24,8.777777777777779,10,-1,-1,6
 INXN,SVM,0,0,Linear,10,8.222222222222221,10,0.5,-1,9
 INXN,ZR,0,0,0,0,8.222222222222221,10,-1,-1,9
 INXN,KNN,0,0,chebyshev,all,9.777777777777779,20,-1,3,11
 INXN,RF,30,30,0,15,12.666666666666666,20,-1,-1,0
 INXN,SVM,0,0,Linear,20,11.88888888888889,20,5,-1,3
 INXN,ZR,0,0,0,0,9.11111111111111,20,-1,-1,9
 INXN,KNN,0,0,euclidean,all,14.444444444444445,30,-1,11,21
 INXN,RF,20,30,0,10,18.333333333333332,30,-1,-1,15
 INXN,SVM,0,0,Linear,10,17.11111111111111,30,5,-1,23
 INXN,ZR,0,0,0,0,14.333333333333334,30,-1,-1,27
 INXN,KNN,0,0,braycurtis,all,21.375,40,-1,9,31
 INXN,RF,10,10,0,15,23.625,40,-1,-1,32
 INXN,SVM,0,0,Linear,10,22.875,40,0.5,-1,27
 INXN,ZR,0,0,0,0,22.0,40,-1,-1,33
 INXN,KNN,0,0,canberra,all,28.333333333333332,50,-1,9,47
 INXN,RF,10,30,0,24,34.333333333333336,50,-1,-1,48
 INXN,SVM,0,0,Linear,15,27.5,50,0.5,-1,48
 INXN,ZR,0,0,0,0,28.833333333333332,50,-1,-1,48
 INXN,KNN,0,0,braycurtis,all,34.8,60,-1,11,54
 INXN,RF,10,30,0,20,40.6,60,-1,-1,60
 INXN,SVM,0,0,Linear,20,33.0,60,100,-1,28
 INXN,ZR,0,0,0,0,34.6,60,-1,-1,60
 INXN,KNN,0,0,braycurtis,all,46.5,70,-1,7,67
 INXN,RF,40,20,0,15,52.5,70,-1,-1,70
 INXN,SVM,0,0,Linear,20,47.0,70,100,-1,26
 INXN,ZR,0,0,0,0,45.75,70,-1,-1,70
 INXN,KNN,0,0,braycurtis,all,57.0,80,-1,3,65
 INXN,RF,10,30,0,22,60.0,80,-1,-1,80
 INXN,SVM,0,0,Linear,10,54.666666666666664,80,0.5,-1,80
 INXN,ZR,0,0,0,0,54.666666666666664,80,-1,-1,80
 INXN,KNN,0,0,canberra,all,62.0,90,-1,11,88
 INXN,RF,40,50,0,20,59.5,90,-1,-1,88
 INXN,SVM,0,0,Linear,15,62.5,90,100,-1,88
 INXN,ZR,0,0,0,0,62.0,90,-1,-1,88
 INXN,KNN,0,0,euclidean,all,73.0,100,-1,11,90
 INXN,RF,20,10,0,10,76.0,100,-1,-1,100
 INXN,SVM,0,0,Linear,10,73.5,100,1,-1,100
 INXN,ZR,0,0,0,0,73.5,100,-1,-1,100
 CO,KNN,0,0,hamming,all,4.222222222222222,10,-1,11,4
 CO,RF,40,20,0,15,5.888888888888889,10,-1,-1,8
 CO,SVM,0,0,Linear,10,4.111111111111111,10,5,-1,8
 CO,ZR,0,0,0,0,3.4444444444444446,10,-1,-1,8
 CO,KNN,0,0,hamming,all,10.666666666666666,20,-1,7,5
 CO,RF,20,10,0,15,12.666666666666666,20,-1,-1,10
 CO,SVM,0,0,Linear,10,12.777777777777779,20,0.5,-1,8
 CO,ZR,0,0,0,0,8.777777777777779,20,-1,-1,8
 CO,KNN,0,0,manhattan,all,16.77777777777778,30,-1,11,21
 CO,RF,50,30,0,10,20.666666666666668,30,-1,-1,14
 CO,SVM,0,0,Linear,10,19.444444444444443,30,0.5,-1,29
 CO,ZR,0,0,0,0,15.11111111111111,30,-1,-1,16
 CO,KNN,0,0,chebyshev,all,19.555555555555557,40,-1,11,18
 CO,RF,20,40,0,15,24.444444444444443,40,-1,-1,15
 CO,SVM,0,0,Linear,10,23.88888888888889,40,10,-1,29
 CO,ZR,0,0,0,0,18.77777777777778,40,-1,-1,25
 CO,KNN,0,0,canberra,all,29.0,50,-1,9,30
 CO,RF,40,30,0,24,31.25,50,-1,-1,33
 CO,SVM,0,0,Linear,20,28.5,50,1,-1,22
 CO,ZR,0,0,0,0,23.375,50,-1,-1,5
 CO,KNN,0,0,manhattan,all,35.833333333333336,60,-1,11,25
 CO,RF,10,10,0,20,35.0,60,-1,-1,31
 CO,SVM,0,0,Linear,10,36.0,60,5,-1,5
 CO,ZR,0,0,0,0,30.166666666666668,60,-1,-1,5
 CO,KNN,0,0,chebyshev,all,36.0,70,-1,7,42
 CO,RF,20,20,0,10,42.0,70,-1,-1,39
 CO,SVM,0,0,Linear,10,44.0,70,10,-1,12
 CO,ZR,0,0,0,0,32.6,70,-1,-1,12
 CO,KNN,0,0,canberra,all,46.75,80,-1,11,49
 CO,RF,30,50,0,10,52.5,80,-1,-1,17
 CO,SVM,0,0,Linear,10,38.75,80,100,-1,17
 CO,ZR,0,0,0,0,36.75,80,-1,-1,17
 CO,KNN,0,0,chebyshev,all,50.333333333333336,90,-1,3,41
 CO,RF,10,50,0,10,53.666666666666664,90,-1,-1,35
 CO,SVM,0,0,Linear,15,44.666666666666664,90,10,-1,44
 CO,ZR,0,0,0,0,43.666666666666664,90,-1,-1,13
 CO,KNN,0,0,canberra,all,55.0,100,-1,7,43
 CO,RF,20,10,0,10,59.666666666666664,100,-1,-1,44
 CO,SVM,0,0,Linear,10,52.0,100,100,-1,37
 CO,ZR,0,0,0,0,36.666666666666664,100,-1,-1,30
 AHC,KNN,0,0,canberra,all,5.888888888888889,10,-1,11,8
 AHC,RF,20,20,0,24,6.111111111111111,10,-1,-1,4
 AHC,SVM,0,0,Linear,10,6.0,10,0.5,-1,8
 AHC,ZR,0,0,0,0,6.0,10,-1,-1,8
 AHC,KNN,0,0,hamming,all,8.777777777777779,20,-1,7,4
 AHC,RF,20,50,0,22,11.11111111111111,20,-1,-1,15
 AHC,SVM,0,0,Linear,10,11.0,20,0.5,-1,14
 AHC,ZR,0,0,0,0,8.222222222222221,20,-1,-1,5
 AHC,KNN,0,0,euclidean,all,14.88888888888889,30,-1,7,10
 AHC,RF,20,30,0,10,16.666666666666668,30,-1,-1,9
 AHC,SVM,0,0,Linear,15,16.11111111111111,30,100,-1,15
 AHC,ZR,0,0,0,0,10.222222222222221,30,-1,-1,24
 AHC,KNN,0,0,hamming,all,20.0,40,-1,5,24
 AHC,RF,10,10,0,15,21.555555555555557,40,-1,-1,26
 AHC,SVM,0,0,Linear,15,21.88888888888889,40,100,-1,27
 AHC,ZR,0,0,0,0,13.11111111111111,40,-1,-1,19
 AHC,KNN,0,0,braycurtis,all,24.333333333333332,50,-1,5,26
 AHC,RF,10,40,0,20,30.11111111111111,50,-1,-1,46
 AHC,SVM,0,0,Linear,10,37.333333333333336,50,100,-1,44
 AHC,ZR,0,0,0,0,18.666666666666668,50,-1,-1,5
 AHC,KNN,0,0,chebyshev,all,28.714285714285715,60,-1,9,38
 AHC,RF,20,30,0,24,28.714285714285715,60,-1,-1,45
 AHC,SVM,0,0,Linear,10,40.42857142857143,60,100,-1,38
 AHC,ZR,0,0,0,0,24.285714285714285,60,-1,-1,5
 AHC,KNN,0,0,canberra,all,38.833333333333336,70,-1,3,38
 AHC,RF,30,10,0,10,40.166666666666664,70,-1,-1,37
 AHC,SVM,0,0,Linear,20,26.5,70,5,-1,29
 AHC,ZR,0,0,0,0,33.0,70,-1,-1,15
 AHC,KNN,0,0,hamming,all,44.2,80,-1,3,41
 AHC,RF,40,50,0,20,45.0,80,-1,-1,76
 AHC,SVM,0,0,Linear,20,29.2,80,10,-1,58
 AHC,ZR,0,0,0,0,33.0,80,-1,-1,26
 AHC,KNN,0,0,canberra,all,54.25,90,-1,11,57
 AHC,RF,10,20,0,24,64.0,90,-1,-1,64
 AHC,SVM,0,0,Linear,20,46.0,90,10,-1,48
 AHC,ZR,0,0,0,0,20.75,90,-1,-1,26
 AHC,KNN,0,0,euclidean,all,57.0,100,-1,5,61
 AHC,RF,10,30,0,10,74.33333333333333,100,-1,-1,57
 AHC,SVM,0,0,Linear,10,40.0,100,100,-1,26
 AHC,ZR,0,0,0,0,21.666666666666668,100,-1,-1,20
 WIA,KNN,0,0,euclidean,all,10.0,10,-1,3,10
 WIA,RF,10,10,0,10,10.0,10,-1,-1,10
 WIA,SVM,0,0,Linear,10,10.0,10,0.5,-1,10
 WIA,ZR,0,0,0,0,10.0,10,-1,-1,10
 WIA,KNN,0,0,euclidean,all,20.0,20,-1,3,20
 WIA,RF,10,10,0,10,20.0,20,-1,-1,20
 WIA,SVM,0,0,Linear,10,20.0,20,0.5,-1,20
 WIA,ZR,0,0,0,0,20.0,20,-1,-1,20
 WIA,KNN,0,0,canberra,all,28.555555555555557,30,-1,3,30
 WIA,RF,10,40,0,20,29.333333333333332,30,-1,-1,30
 WIA,SVM,0,0,Linear,10,28.333333333333332,30,0.5,-1,30
 WIA,ZR,0,0,0,0,28.333333333333332,30,-1,-1,30
 WIA,KNN,0,0,canberra,all,36.77777777777778,40,-1,9,40
 WIA,RF,20,30,0,15,37.44444444444444,40,-1,-1,40
 WIA,SVM,0,0,Linear,10,36.77777777777778,40,0.5,-1,40
 WIA,ZR,0,0,0,0,36.77777777777778,40,-1,-1,40
 WIA,KNN,0,0,manhattan,all,43.44444444444444,50,-1,11,50
 WIA,RF,10,20,0,10,43.888888888888886,50,-1,-1,50
 WIA,SVM,0,0,Linear,10,43.44444444444444,50,0.5,-1,50
 WIA,ZR,0,0,0,0,43.44444444444444,50,-1,-1,50
 WIA,KNN,0,0,manhattan,all,51.333333333333336,60,-1,9,59
 WIA,RF,40,50,0,22,52.888888888888886,60,-1,-1,60
 WIA,SVM,0,0,Linear,10,51.333333333333336,60,0.5,-1,60
 WIA,ZR,0,0,0,0,51.333333333333336,60,-1,-1,60
 WIA,KNN,0,0,euclidean,all,59.77777777777778,70,-1,11,27
 WIA,RF,20,30,0,10,60.77777777777778,70,-1,-1,31
 WIA,SVM,0,0,Linear,10,60.666666666666664,70,100,-1,28
 WIA,ZR,0,0,0,0,60.55555555555556,70,-1,-1,28
 WIA,KNN,0,0,manhattan,all,62.285714285714285,80,-1,11,60
 WIA,RF,20,30,0,22,66.71428571428571,80,-1,-1,31
 WIA,SVM,0,0,Linear,15,67.28571428571429,80,5,-1,63
 WIA,ZR,0,0,0,0,67.14285714285714,80,-1,-1,63
 WIA,KNN,0,0,manhattan,all,64.83333333333333,90,-1,11,56
 WIA,RF,10,40,0,10,69.66666666666667,90,-1,-1,53
 WIA,SVM,0,0,Linear,10,72.66666666666667,90,1,-1,53
 WIA,ZR,0,0,0,0,72.83333333333333,90,-1,-1,53
 WIA,KNN,0,0,manhattan,all,69.16666666666667,100,-1,11,30
 WIA,RF,10,20,0,20,79.83333333333333,100,-1,-1,33
 WIA,SVM,0,0,Linear,10,75.16666666666667,100,0.5,-1,16
 WIA,ZR,0,0,0,0,76.66666666666667,100,-1,-1,33
 CBS,KNN,0,0,chebyshev,all,5.888888888888889,10,-1,11,2
 CBS,RF,10,30,0,24,7.444444444444445,10,-1,-1,7
 CBS,SVM,0,0,Linear,15,6.666666666666667,10,0.5,-1,2
 CBS,ZR,0,0,0,0,6.444444444444445,10,-1,-1,2
 CBS,KNN,0,0,euclidean,all,9.88888888888889,20,-1,5,7
 CBS,RF,10,50,0,22,12.444444444444445,20,-1,-1,5
 CBS,SVM,0,0,Linear,20,8.333333333333334,20,0.5,-1,12
 CBS,ZR,0,0,0,0,7.0,20,-1,-1,5
 CBS,KNN,0,0,braycurtis,all,16.11111111111111,30,-1,7,11
 CBS,RF,20,50,0,20,18.22222222222222,30,-1,-1,20
 CBS,SVM,0,0,Linear,20,18.0,30,10,-1,16
 CBS,ZR,0,0,0,0,14.666666666666666,30,-1,-1,8
 CBS,KNN,0,0,braycurtis,all,22.11111111111111,40,-1,7,18
 CBS,RF,40,10,0,24,27.333333333333332,40,-1,-1,26
 CBS,SVM,0,0,Linear,15,27.77777777777778,40,5,-1,27
 CBS,ZR,0,0,0,0,19.666666666666668,40,-1,-1,4
 CBS,KNN,0,0,chebyshev,all,25.77777777777778,50,-1,5,14
 CBS,RF,10,50,0,10,29.333333333333332,50,-1,-1,12
 CBS,SVM,0,0,Linear,10,26.666666666666668,50,0.5,-1,12
 CBS,ZR,0,0,0,0,24.333333333333332,50,-1,-1,12
 CBS,KNN,0,0,canberra,all,33.0,60,-1,11,52
 CBS,RF,40,20,0,10,33.55555555555556,60,-1,-1,45
 CBS,SVM,0,0,Linear,20,29.333333333333332,60,100,-1,55
 CBS,ZR,0,0,0,0,31.22222222222222,60,-1,-1,55
 CBS,KNN,0,0,canberra,all,35.0,70,-1,11,50
 CBS,RF,10,20,0,20,42.285714285714285,70,-1,-1,58
 CBS,SVM,0,0,Linear,10,35.714285714285715,70,0.5,-1,66
 CBS,ZR,0,0,0,0,36.857142857142854,70,-1,-1,66
 CBS,KNN,0,0,hamming,all,46.333333333333336,80,-1,9,41
 CBS,RF,10,20,0,20,53.666666666666664,80,-1,-1,52
 CBS,SVM,0,0,Linear,20,44.0,80,0.5,-1,56
 CBS,ZR,0,0,0,0,44.666666666666664,80,-1,-1,59
 CBS,KNN,0,0,canberra,all,52.4,90,-1,11,48
 CBS,RF,20,50,0,15,50.0,90,-1,-1,29
 CBS,SVM,0,0,Linear,10,51.6,90,0.5,-1,45
 CBS,ZR,0,0,0,0,49.8,90,-1,-1,67
 CBS,KNN,0,0,canberra,all,56.5,100,-1,11,63
 CBS,RF,50,10,0,15,59.0,100,-1,-1,80
 CBS,SVM,0,0,Linear,15,55.0,100,5,-1,79
 CBS,ZR,0,0,0,0,54.0,100,-1,-1,79
 ABR,KNN,0,0,euclidean,all,7.555555555555555,10,-1,9,10
 ABR,RF,40,40,0,10,8.11111111111111,10,-1,-1,10
 ABR,SVM,0,0,Linear,10,8.222222222222221,10,0.5,-1,10
 ABR,ZR,0,0,0,0,8.222222222222221,10,-1,-1,10
 ABR,KNN,0,0,canberra,all,10.222222222222221,20,-1,3,6
 ABR,RF,50,30,0,20,13.777777777777779,20,-1,-1,12
 ABR,SVM,0,0,Linear,15,10.555555555555555,20,100,-1,5
 ABR,ZR,0,0,0,0,8.222222222222221,20,-1,-1,2
 ABR,KNN,0,0,hamming,all,20.88888888888889,30,-1,9,14
 ABR,RF,40,40,0,20,23.555555555555557,30,-1,-1,16
 ABR,SVM,0,0,Linear,20,20.0,30,100,-1,16
 ABR,ZR,0,0,0,0,20.77777777777778,30,-1,-1,16
 ABR,KNN,0,0,canberra,all,26.77777777777778,40,-1,9,25
 ABR,RF,40,30,0,22,32.333333333333336,40,-1,-1,33
 ABR,SVM,0,0,Linear,10,28.88888888888889,40,1,-1,34
 ABR,ZR,0,0,0,0,28.0,40,-1,-1,34
 ABR,KNN,0,0,euclidean,all,24.555555555555557,50,-1,11,33
 ABR,RF,30,50,0,22,30.666666666666668,50,-1,-1,31
 ABR,SVM,0,0,Linear,20,29.22222222222222,50,0.5,-1,19
 ABR,ZR,0,0,0,0,30.0,50,-1,-1,42
 ABR,KNN,0,0,chebyshev,all,32.0,60,-1,9,32
 ABR,RF,10,40,0,20,38.44444444444444,60,-1,-1,33
 ABR,SVM,0,0,Linear,10,33.55555555555556,60,0.5,-1,38
 ABR,ZR,0,0,0,0,38.22222222222222,60,-1,-1,33
 ABR,KNN,0,0,braycurtis,all,43.25,70,-1,11,48
 ABR,RF,30,40,0,15,49.75,70,-1,-1,65
 ABR,SVM,0,0,Linear,15,46.875,70,0.5,-1,70
 ABR,ZR,0,0,0,0,46.625,70,-1,-1,70
 ABR,KNN,0,0,euclidean,all,48.42857142857143,80,-1,11,38
 ABR,RF,30,20,0,10,54.42857142857143,80,-1,-1,72
 ABR,SVM,0,0,Linear,10,56.285714285714285,80,100,-1,80
 ABR,ZR,0,0,0,0,55.42857142857143,80,-1,-1,80
 ABR,KNN,0,0,canberra,all,52.666666666666664,90,-1,11,40
 ABR,RF,50,40,0,15,63.5,90,-1,-1,44
 ABR,SVM,0,0,Linear,10,66.16666666666667,90,0.5,-1,85
 ABR,ZR,0,0,0,0,66.5,90,-1,-1,85
 ABR,KNN,0,0,chebyshev,all,55.8,100,-1,9,55
 ABR,RF,40,50,0,15,59.0,100,-1,-1,73
 ABR,SVM,0,0,Linear,15,67.8,100,0.5,-1,93
 ABR,ZR,0,0,0,0,74.4,100,-1,-1,95
 ET,KNN,0,0,hamming,all,7.0,10,-1,11,7
 ET,RF,10,30,0,24,7.888888888888889,10,-1,-1,10
 ET,SVM,0,0,Linear,10,7.444444444444445,10,0.5,-1,10
 ET,ZR,0,0,0,0,7.666666666666667,10,-1,-1,10
 ET,KNN,0,0,canberra,all,9.88888888888889,20,-1,5,3
 ET,RF,30,40,0,10,12.88888888888889,20,-1,-1,2
 ET,SVM,0,0,Linear,10,9.777777777777779,20,100,-1,2
 ET,ZR,0,0,0,0,4.555555555555555,20,-1,-1,2
 ET,KNN,0,0,canberra,all,15.333333333333334,30,-1,11,21
 ET,RF,30,50,0,10,19.333333333333332,30,-1,-1,25
 ET,SVM,0,0,Linear,10,17.555555555555557,30,0.5,-1,17
 ET,ZR,0,0,0,0,12.88888888888889,30,-1,-1,17
 ET,KNN,0,0,hamming,all,22.77777777777778,40,-1,11,18
 ET,RF,10,50,0,20,25.444444444444443,40,-1,-1,22
 ET,SVM,0,0,Linear,10,29.444444444444443,40,10,-1,14
 ET,ZR,0,0,0,0,21.444444444444443,40,-1,-1,13
 ET,KNN,0,0,canberra,all,24.333333333333332,50,-1,9,21
 ET,RF,40,20,0,10,36.0,50,-1,-1,28
 ET,SVM,0,0,Linear,10,31.22222222222222,50,5,-1,11
 ET,ZR,0,0,0,0,24.11111111111111,50,-1,-1,11
 ET,KNN,0,0,canberra,all,32.55555555555556,60,-1,3,30
 ET,RF,20,10,0,20,38.55555555555556,60,-1,-1,21
 ET,SVM,0,0,Linear,20,31.11111111111111,60,5,-1,22
 ET,ZR,0,0,0,0,27.333333333333332,60,-1,-1,21
 ET,KNN,0,0,canberra,all,38.77777777777778,70,-1,11,44
 ET,RF,30,40,0,22,45.888888888888886,70,-1,-1,38
 ET,SVM,0,0,Linear,15,31.11111111111111,70,0.5,-1,39
 ET,ZR,0,0,0,0,31.77777777777778,70,-1,-1,43
 ET,KNN,0,0,braycurtis,all,45.0,80,-1,5,33
 ET,RF,30,30,0,22,51.77777777777778,80,-1,-1,57
 ET,SVM,0,0,Linear,10,38.111111111111114,80,0.5,-1,58
 ET,ZR,0,0,0,0,37.111111111111114,80,-1,-1,22
 ET,KNN,0,0,canberra,all,45.625,90,-1,5,27
 ET,RF,10,30,0,10,52.0,90,-1,-1,59
 ET,SVM,0,0,Linear,20,43.875,90,0.5,-1,46
 ET,ZR,0,0,0,0,42.375,90,-1,-1,16
 ET,KNN,0,0,braycurtis,all,51.0,100,-1,3,26
 ET,RF,20,40,0,22,58.142857142857146,100,-1,-1,18
 ET,SVM,0,0,Linear,10,47.285714285714285,100,0.5,-1,19
 ET,ZR,0,0,0,0,46.142857142857146,100,-1,-1,18
 CNX,KNN,0,0,canberra,all,4.888888888888889,10,-1,5,3
 CNX,RF,40,20,0,10,6.0,10,-1,-1,5
 CNX,SVM,0,0,Linear,15,5.333333333333333,10,1,-1,3
 CNX,ZR,0,0,0,0,1.8888888888888888,10,-1,-1,0
 CNX,KNN,0,0,hamming,all,12.11111111111111,20,-1,11,8
 CNX,RF,30,10,0,20,13.88888888888889,20,-1,-1,11
 CNX,SVM,0,0,Linear,20,13.222222222222221,20,0.5,-1,8
 CNX,ZR,0,0,0,0,5.888888888888889,20,-1,-1,1
 CNX,KNN,0,0,braycurtis,all,17.22222222222222,30,-1,5,14
 CNX,RF,40,50,0,10,21.0,30,-1,-1,18
 CNX,SVM,0,0,Linear,10,20.444444444444443,30,1,-1,11
 CNX,ZR,0,0,0,0,9.88888888888889,30,-1,-1,11
 CNX,KNN,0,0,chebyshev,all,20.444444444444443,40,-1,3,21
 CNX,RF,40,10,0,15,25.0,40,-1,-1,25
 CNX,SVM,0,0,Linear,10,25.666666666666668,40,1,-1,27
 CNX,ZR,0,0,0,0,15.88888888888889,40,-1,-1,25
 CNX,KNN,0,0,canberra,all,27.444444444444443,50,-1,3,29
 CNX,RF,40,50,0,20,27.22222222222222,50,-1,-1,27
 CNX,SVM,0,0,Linear,15,27.555555555555557,50,1,-1,19
 CNX,ZR,0,0,0,0,20.88888888888889,50,-1,-1,26
 CNX,KNN,0,0,canberra,all,30.333333333333332,60,-1,9,32
 CNX,RF,30,40,0,10,34.77777777777778,60,-1,-1,32
 CNX,SVM,0,0,Linear,15,30.77777777777778,60,0.5,-1,26
 CNX,ZR,0,0,0,0,26.22222222222222,60,-1,-1,34
 CNX,KNN,0,0,manhattan,all,37.0,70,-1,5,36
 CNX,RF,40,30,0,10,41.111111111111114,70,-1,-1,31
 CNX,SVM,0,0,Linear,15,37.888888888888886,70,10,-1,27
 CNX,ZR,0,0,0,0,33.77777777777778,70,-1,-1,41
 CNX,KNN,0,0,hamming,all,44.0,80,-1,9,31
 CNX,RF,30,30,0,10,40.888888888888886,80,-1,-1,44
 CNX,SVM,0,0,Linear,20,39.77777777777778,80,1,-1,34
 CNX,ZR,0,0,0,0,40.22222222222222,80,-1,-1,22
 CNX,KNN,0,0,hamming,all,46.77777777777778,90,-1,3,34
 CNX,RF,10,10,0,24,50.888888888888886,90,-1,-1,41
 CNX,SVM,0,0,Linear,10,44.77777777777778,90,0.5,-1,50
 CNX,ZR,0,0,0,0,42.44444444444444,90,-1,-1,36
 CNX,KNN,0,0,euclidean,all,51.5,100,-1,11,48
 CNX,RF,10,20,0,22,55.0,100,-1,-1,64
 CNX,SVM,0,0,Linear,20,58.5,100,100,-1,56
 CNX,ZR,0,0,0,0,47.625,100,-1,-1,41
 AU,KNN,0,0,euclidean,all,5.888888888888889,10,-1,11,5
 AU,RF,10,10,0,22,6.222222222222222,10,-1,-1,8
 AU,SVM,0,0,Linear,20,6.0,10,0.5,-1,5
 AU,ZR,0,0,0,0,4.888888888888889,10,-1,-1,8
 AU,KNN,0,0,euclidean,all,14.333333333333334,20,-1,3,12
 AU,RF,20,30,0,24,15.444444444444445,20,-1,-1,14
 AU,SVM,0,0,Linear,15,14.222222222222221,20,0.5,-1,16
 AU,ZR,0,0,0,0,6.666666666666667,20,-1,-1,1
 AU,KNN,0,0,braycurtis,all,16.666666666666668,30,-1,9,15
 AU,RF,20,10,0,24,18.22222222222222,30,-1,-1,12
 AU,SVM,0,0,Linear,10,19.77777777777778,30,1,-1,18
 AU,ZR,0,0,0,0,11.88888888888889,30,-1,-1,18
 AU,KNN,0,0,chebyshev,all,23.0,40,-1,7,21
 AU,RF,50,10,0,15,27.333333333333332,40,-1,-1,14
 AU,SVM,0,0,Linear,10,27.88888888888889,40,5,-1,14
 AU,ZR,0,0,0,0,14.88888888888889,40,-1,-1,14
 AU,KNN,0,0,canberra,all,29.11111111111111,50,-1,11,20
 AU,RF,10,20,0,24,28.333333333333332,50,-1,-1,21
 AU,SVM,0,0,Linear,10,26.444444444444443,50,1,-1,24
 AU,ZR,0,0,0,0,21.0,50,-1,-1,26
 AU,KNN,0,0,manhattan,all,34.77777777777778,60,-1,9,40
 AU,RF,20,10,0,15,34.111111111111114,60,-1,-1,37
 AU,SVM,0,0,Linear,15,27.555555555555557,60,100,-1,42
 AU,ZR,0,0,0,0,26.77777777777778,60,-1,-1,42
 AU,KNN,0,0,braycurtis,all,39.77777777777778,70,-1,3,36
 AU,RF,30,40,0,10,41.111111111111114,70,-1,-1,41
 AU,SVM,0,0,Linear,10,36.44444444444444,70,100,-1,19
 AU,ZR,0,0,0,0,33.666666666666664,70,-1,-1,17
 AU,KNN,0,0,chebyshev,all,42.22222222222222,80,-1,3,40
 AU,RF,20,20,0,15,41.55555555555556,80,-1,-1,43
 AU,SVM,0,0,Linear,15,39.666666666666664,80,100,-1,44
 AU,ZR,0,0,0,0,37.22222222222222,80,-1,-1,44
 AU,KNN,0,0,canberra,all,47.44444444444444,90,-1,11,59
 AU,RF,40,10,0,24,50.77777777777778,90,-1,-1,55
 AU,SVM,0,0,Linear,10,48.22222222222222,90,0.5,-1,59
 AU,ZR,0,0,0,0,45.666666666666664,90,-1,-1,59
 AU,KNN,0,0,manhattan,all,57.625,100,-1,5,44
 AU,RF,50,10,0,24,57.625,100,-1,-1,53
 AU,SVM,0,0,Linear,20,49.625,100,0.5,-1,53
 AU,ZR,0,0,0,0,50.875,100,-1,-1,53
 BDC,KNN,0,0,hamming,all,5.222222222222222,10,-1,7,1
 BDC,RF,10,50,0,10,4.777777777777778,10,-1,-1,4
 BDC,SVM,0,0,Linear,15,3.3333333333333335,10,1,-1,0
 BDC,ZR,0,0,0,0,2.3333333333333335,10,-1,-1,0
 BDC,KNN,0,0,manhattan,all,11.0,20,-1,7,10
 BDC,RF,30,50,0,15,14.777777777777779,20,-1,-1,12
 BDC,SVM,0,0,Linear,20,12.222222222222221,20,5,-1,12
 BDC,ZR,0,0,0,0,8.0,20,-1,-1,1
 BDC,KNN,0,0,euclidean,all,18.666666666666668,30,-1,9,18
 BDC,RF,50,20,0,24,20.666666666666668,30,-1,-1,17
 BDC,SVM,0,0,Linear,20,20.666666666666668,30,0.5,-1,21
 BDC,ZR,0,0,0,0,13.555555555555555,30,-1,-1,9
 BDC,KNN,0,0,canberra,all,22.88888888888889,40,-1,11,17
 BDC,RF,30,30,0,20,27.88888888888889,40,-1,-1,32
 BDC,SVM,0,0,Linear,20,29.666666666666668,40,0.5,-1,30
 BDC,ZR,0,0,0,0,17.0,40,-1,-1,30
 BDC,KNN,0,0,chebyshev,all,29.333333333333332,50,-1,7,32
 BDC,RF,10,50,0,10,34.22222222222222,50,-1,-1,33
 BDC,SVM,0,0,Linear,10,33.333333333333336,50,10,-1,22
 BDC,ZR,0,0,0,0,20.77777777777778,50,-1,-1,22
 BDC,KNN,0,0,hamming,all,34.55555555555556,60,-1,11,44
 BDC,RF,20,30,0,15,36.0,60,-1,-1,28
 BDC,SVM,0,0,Linear,20,32.666666666666664,60,0.5,-1,20
 BDC,ZR,0,0,0,0,25.88888888888889,60,-1,-1,11
 BDC,KNN,0,0,hamming,all,37.22222222222222,70,-1,7,27
 BDC,RF,40,30,0,20,42.55555555555556,70,-1,-1,28
 BDC,SVM,0,0,Linear,15,31.88888888888889,70,10,-1,38
 BDC,ZR,0,0,0,0,24.333333333333332,70,-1,-1,45
 BDC,KNN,0,0,hamming,all,43.333333333333336,80,-1,11,46
 BDC,RF,30,20,0,10,47.333333333333336,80,-1,-1,33
 BDC,SVM,0,0,Linear,15,40.55555555555556,80,0.5,-1,35
 BDC,ZR,0,0,0,0,35.666666666666664,80,-1,-1,31
 BDC,KNN,0,0,hamming,all,47.55555555555556,90,-1,3,43
 BDC,RF,10,50,0,22,50.44444444444444,90,-1,-1,33
 BDC,SVM,0,0,Linear,10,48.44444444444444,90,100,-1,63
 BDC,ZR,0,0,0,0,34.888888888888886,90,-1,-1,37
 BDC,KNN,0,0,hamming,all,55.25,100,-1,5,46
 BDC,RF,20,20,0,10,54.0,100,-1,-1,64
 BDC,SVM,0,0,Linear,15,43.625,100,1,-1,48
 BDC,ZR,0,0,0,0,39.875,100,-1,-1,67
 BHP,KNN,0,0,canberra,all,6.555555555555555,10,-1,9,9
 BHP,RF,40,10,0,15,7.222222222222222,10,-1,-1,7
 BHP,SVM,0,0,Linear,20,7.0,10,5,-1,9
 BHP,ZR,0,0,0,0,6.666666666666667,10,-1,-1,7
 BHP,KNN,0,0,hamming,all,11.0,20,-1,11,10
 BHP,RF,20,10,0,20,13.0,20,-1,-1,8
 BHP,SVM,0,0,Linear,15,12.444444444444445,20,0.5,-1,7
 BHP,ZR,0,0,0,0,11.222222222222221,20,-1,-1,12
 BHP,KNN,0,0,hamming,all,16.88888888888889,30,-1,5,19
 BHP,RF,50,10,0,20,19.22222222222222,30,-1,-1,12
 BHP,SVM,0,0,Linear,10,19.333333333333332,30,100,-1,16
 BHP,ZR,0,0,0,0,17.555555555555557,30,-1,-1,23
 BHP,KNN,0,0,manhattan,all,23.555555555555557,40,-1,5,20
 BHP,RF,30,50,0,15,29.333333333333332,40,-1,-1,26
 BHP,SVM,0,0,Linear,20,28.22222222222222,40,5,-1,26
 BHP,ZR,0,0,0,0,26.333333333333332,40,-1,-1,23
 BHP,KNN,0,0,hamming,all,29.666666666666668,50,-1,5,15
 BHP,RF,40,50,0,20,30.11111111111111,50,-1,-1,26
 BHP,SVM,0,0,Linear,20,33.22222222222222,50,5,-1,12
 BHP,ZR,0,0,0,0,32.44444444444444,50,-1,-1,11
 BHP,KNN,0,0,hamming,all,36.22222222222222,60,-1,3,35
 BHP,RF,20,50,0,15,33.55555555555556,60,-1,-1,23
 BHP,SVM,0,0,Linear,10,34.888888888888886,60,100,-1,40
 BHP,ZR,0,0,0,0,34.666666666666664,60,-1,-1,40
 BHP,KNN,0,0,hamming,all,41.888888888888886,70,-1,9,30
 BHP,RF,40,40,0,15,37.0,70,-1,-1,39
 BHP,SVM,0,0,Linear,15,43.0,70,10,-1,29
 BHP,ZR,0,0,0,0,41.77777777777778,70,-1,-1,32
 BHP,KNN,0,0,hamming,all,43.55555555555556,80,-1,11,34
 BHP,RF,30,20,0,10,43.111111111111114,80,-1,-1,18
 BHP,SVM,0,0,Linear,10,44.77777777777778,80,1,-1,24
 BHP,ZR,0,0,0,0,46.333333333333336,80,-1,-1,22
 BHP,KNN,0,0,hamming,all,48.111111111111114,90,-1,5,50
 BHP,RF,10,40,0,10,50.22222222222222,90,-1,-1,34
 BHP,SVM,0,0,Linear,10,45.666666666666664,90,1,-1,44
 BHP,ZR,0,0,0,0,47.44444444444444,90,-1,-1,44
 BHP,KNN,0,0,hamming,all,51.75,100,-1,11,51
 BHP,RF,10,30,0,10,49.0,100,-1,-1,46
 BHP,SVM,0,0,Linear,20,47.375,100,0.5,-1,55
 BHP,ZR,0,0,0,0,52.125,100,-1,-1,50
 IX,KNN,0,0,manhattan,all,8.666666666666666,10,-1,11,7
 IX,RF,40,20,0,10,9.222222222222221,10,-1,-1,2
 IX,SVM,0,0,Linear,10,9.0,10,0.5,-1,2
 IX,ZR,0,0,0,0,9.0,10,-1,-1,2
 IX,KNN,0,0,braycurtis,all,11.222222222222221,20,-1,9,6
 IX,RF,30,20,0,20,10.666666666666666,20,-1,-1,7
 IX,SVM,0,0,Linear,20,10.88888888888889,20,0.5,-1,7
 IX,ZR,0,0,0,0,4.666666666666667,20,-1,-1,12
 IX,KNN,0,0,euclidean,all,16.555555555555557,30,-1,7,9
 IX,RF,30,30,0,10,15.444444444444445,30,-1,-1,7
 IX,SVM,0,0,Linear,10,14.11111111111111,30,0.5,-1,9
 IX,ZR,0,0,0,0,9.88888888888889,30,-1,-1,10
 IX,KNN,0,0,canberra,all,19.333333333333332,40,-1,3,24
 IX,RF,10,50,0,24,24.11111111111111,40,-1,-1,28
 IX,SVM,0,0,Linear,10,25.444444444444443,40,100,-1,38
 IX,ZR,0,0,0,0,18.666666666666668,40,-1,-1,38
 IX,KNN,0,0,braycurtis,all,25.333333333333332,50,-1,11,16
 IX,RF,10,30,0,22,31.22222222222222,50,-1,-1,11
 IX,SVM,0,0,Linear,10,29.555555555555557,50,1,-1,16
 IX,ZR,0,0,0,0,28.666666666666668,50,-1,-1,16
 IX,KNN,0,0,euclidean,all,31.0,60,-1,5,29
 IX,RF,40,10,0,15,33.77777777777778,60,-1,-1,30
 IX,SVM,0,0,Linear,10,35.333333333333336,60,1,-1,33
 IX,ZR,0,0,0,0,34.55555555555556,60,-1,-1,46
 IX,KNN,0,0,canberra,all,35.333333333333336,70,-1,7,32
 IX,RF,10,30,0,22,40.333333333333336,70,-1,-1,27
 IX,SVM,0,0,Linear,10,39.333333333333336,70,1,-1,42
 IX,ZR,0,0,0,0,43.44444444444444,70,-1,-1,44
 IX,KNN,0,0,canberra,all,39.888888888888886,80,-1,5,40
 IX,RF,30,20,0,20,45.666666666666664,80,-1,-1,42
 IX,SVM,0,0,Linear,10,45.55555555555556,80,10,-1,47
 IX,ZR,0,0,0,0,49.666666666666664,80,-1,-1,40
 IX,KNN,0,0,braycurtis,all,49.22222222222222,90,-1,5,60
 IX,RF,30,10,0,10,57.22222222222222,90,-1,-1,69
 IX,SVM,0,0,Linear,10,55.888888888888886,90,0.5,-1,65
 IX,ZR,0,0,0,0,53.22222222222222,90,-1,-1,68
 IX,KNN,0,0,hamming,all,55.42857142857143,100,-1,5,52
 IX,RF,20,40,0,10,63.0,100,-1,-1,34
 IX,SVM,0,0,Linear,10,63.57142857142857,100,0.5,-1,36
 IX,ZR,0,0,0,0,63.285714285714285,100,-1,-1,22
 KMT,KNN,0,0,braycurtis,all,5.0,10,-1,11,2
 KMT,RF,40,40,0,24,5.666666666666667,10,-1,-1,1
 KMT,SVM,0,0,Linear,15,5.777777777777778,10,0.5,-1,1
 KMT,ZR,0,0,0,0,3.5555555555555554,10,-1,-1,2
 KMT,KNN,0,0,hamming,all,10.0,20,-1,5,7
 KMT,RF,10,50,0,10,11.333333333333334,20,-1,-1,7
 KMT,SVM,0,0,Linear,15,9.444444444444445,20,0.5,-1,8
 KMT,ZR,0,0,0,0,8.666666666666666,20,-1,-1,9
 KMT,KNN,0,0,braycurtis,all,17.11111111111111,30,-1,9,17
 KMT,RF,20,40,0,20,19.333333333333332,30,-1,-1,24
 KMT,SVM,0,0,Linear,15,19.88888888888889,30,0.5,-1,23
 KMT,ZR,0,0,0,0,14.333333333333334,30,-1,-1,6
 KMT,KNN,0,0,canberra,all,25.22222222222222,40,-1,5,29
 KMT,RF,40,30,0,24,28.88888888888889,40,-1,-1,21
 KMT,SVM,0,0,Linear,10,30.444444444444443,40,1,-1,40
 KMT,ZR,0,0,0,0,19.77777777777778,40,-1,-1,40
 KMT,KNN,0,0,manhattan,all,26.88888888888889,50,-1,11,19
 KMT,RF,20,30,0,10,32.44444444444444,50,-1,-1,21
 KMT,SVM,0,0,Linear,20,26.444444444444443,50,0.5,-1,26
 KMT,ZR,0,0,0,0,26.88888888888889,50,-1,-1,27
 KMT,KNN,0,0,chebyshev,all,31.555555555555557,60,-1,7,28
 KMT,RF,30,50,0,10,40.0,60,-1,-1,20
 KMT,SVM,0,0,Linear,15,34.888888888888886,60,1,-1,25
 KMT,ZR,0,0,0,0,32.77777777777778,60,-1,-1,22
 KMT,KNN,0,0,hamming,all,37.55555555555556,70,-1,5,35
 KMT,RF,10,10,0,15,41.888888888888886,70,-1,-1,24
 KMT,SVM,0,0,Linear,20,38.22222222222222,70,1,-1,53
 KMT,ZR,0,0,0,0,38.0,70,-1,-1,57
 KMT,KNN,0,0,hamming,all,44.77777777777778,80,-1,9,33
 KMT,RF,30,10,0,24,44.44444444444444,80,-1,-1,47
 KMT,SVM,0,0,Linear,10,40.333333333333336,80,0.5,-1,31
 KMT,ZR,0,0,0,0,45.44444444444444,80,-1,-1,30
 KMT,KNN,0,0,chebyshev,all,49.111111111111114,90,-1,9,55
 KMT,RF,30,20,0,15,50.44444444444444,90,-1,-1,49
 KMT,SVM,0,0,Linear,10,47.44444444444444,90,5,-1,51
 KMT,ZR,0,0,0,0,46.888888888888886,90,-1,-1,50
 KMT,KNN,0,0,euclidean,all,51.75,100,-1,5,39
 KMT,RF,10,40,0,10,54.625,100,-1,-1,43
 KMT,SVM,0,0,Linear,15,48.75,100,100,-1,57
 KMT,ZR,0,0,0,0,49.375,100,-1,-1,59
 APH,KNN,0,0,hamming,all,7.0,10,-1,5,9
 APH,RF,10,30,0,22,6.333333333333333,10,-1,-1,9
 APH,SVM,0,0,Linear,10,6.444444444444445,10,10,-1,9
 APH,ZR,0,0,0,0,5.333333333333333,10,-1,-1,9
 APH,KNN,0,0,hamming,all,10.333333333333334,20,-1,7,5
 APH,RF,20,30,0,22,10.666666666666666,20,-1,-1,6
 APH,SVM,0,0,Linear,20,6.555555555555555,20,5,-1,6
 APH,ZR,0,0,0,0,9.666666666666666,20,-1,-1,0
 APH,KNN,0,0,hamming,all,13.555555555555555,30,-1,5,7
 APH,RF,30,10,0,22,15.666666666666666,30,-1,-1,18
 APH,SVM,0,0,Linear,20,15.88888888888889,30,5,-1,9
 APH,ZR,0,0,0,0,13.88888888888889,30,-1,-1,2
 APH,KNN,0,0,hamming,all,19.0,40,-1,5,30
 APH,RF,40,10,0,22,19.666666666666668,40,-1,-1,36
 APH,SVM,0,0,Linear,10,19.88888888888889,40,100,-1,37
 APH,ZR,0,0,0,0,18.444444444444443,40,-1,-1,36
 APH,KNN,0,0,braycurtis,all,28.555555555555557,50,-1,5,30
 APH,RF,40,30,0,24,31.11111111111111,50,-1,-1,32
 APH,SVM,0,0,Linear,10,35.0,50,0.5,-1,31
 APH,ZR,0,0,0,0,29.444444444444443,50,-1,-1,31
 APH,KNN,0,0,braycurtis,all,38.666666666666664,60,-1,11,56
 APH,RF,20,10,0,24,43.0,60,-1,-1,56
 APH,SVM,0,0,Linear,20,37.44444444444444,60,0.5,-1,56
 APH,ZR,0,0,0,0,38.888888888888886,60,-1,-1,56
 APH,KNN,0,0,braycurtis,all,48.666666666666664,70,-1,5,24
 APH,RF,10,50,0,10,50.111111111111114,70,-1,-1,17
 APH,SVM,0,0,Linear,20,51.666666666666664,70,10,-1,51
 APH,ZR,0,0,0,0,51.111111111111114,70,-1,-1,51
 APH,KNN,0,0,canberra,all,55.0,80,-1,9,29
 APH,RF,10,20,0,15,58.22222222222222,80,-1,-1,51
 APH,SVM,0,0,Linear,10,58.888888888888886,80,0.5,-1,34
 APH,ZR,0,0,0,0,58.888888888888886,80,-1,-1,34
 APH,KNN,0,0,chebyshev,all,57.44444444444444,90,-1,11,42
 APH,RF,40,30,0,10,68.88888888888889,90,-1,-1,34
 APH,SVM,0,0,Linear,10,63.77777777777778,90,0.5,-1,34
 APH,ZR,0,0,0,0,63.44444444444444,90,-1,-1,34
 APH,KNN,0,0,canberra,all,67.625,100,-1,11,58
 APH,RF,30,40,0,10,71.75,100,-1,-1,57
 APH,SVM,0,0,Linear,10,71.0,100,5,-1,57
 APH,ZR,0,0,0,0,70.375,100,-1,-1,57
 VVR,KNN,0,0,euclidean,all,10.0,10,-1,3,10
 VVR,RF,10,10,0,10,10.0,10,-1,-1,10
 VVR,SVM,0,0,Linear,10,10.0,10,0.5,-1,10
 VVR,ZR,0,0,0,0,10.0,10,-1,-1,10
 VVR,KNN,0,0,manhattan,all,16.666666666666668,20,-1,7,20
 VVR,RF,50,10,0,10,17.333333333333332,20,-1,-1,20
 VVR,SVM,0,0,Linear,10,16.444444444444443,20,0.5,-1,20
 VVR,ZR,0,0,0,0,16.444444444444443,20,-1,-1,20
 VVR,KNN,0,0,manhattan,all,24.555555555555557,30,-1,3,30
 VVR,RF,30,30,0,10,26.11111111111111,30,-1,-1,30
 VVR,SVM,0,0,Linear,15,23.555555555555557,30,5,-1,30
 VVR,ZR,0,0,0,0,23.666666666666668,30,-1,-1,30
 VVR,KNN,0,0,canberra,all,32.0,40,-1,11,40
 VVR,RF,50,40,0,24,34.333333333333336,40,-1,-1,40
 VVR,SVM,0,0,Linear,10,34.111111111111114,40,100,-1,40
 VVR,ZR,0,0,0,0,30.77777777777778,40,-1,-1,40
 VVR,KNN,0,0,canberra,all,39.888888888888886,50,-1,11,49
 VVR,RF,10,40,0,10,45.666666666666664,50,-1,-1,50
 VVR,SVM,0,0,Linear,20,41.888888888888886,50,100,-1,50
 VVR,ZR,0,0,0,0,40.111111111111114,50,-1,-1,50
 VVR,KNN,0,0,manhattan,all,38.44444444444444,60,-1,11,34
 VVR,RF,10,50,0,15,51.0,60,-1,-1,31
 VVR,SVM,0,0,Linear,15,49.77777777777778,60,5,-1,36
 VVR,ZR,0,0,0,0,5.0,60,-1,-1,39
 VVR,KNN,0,0,manhattan,all,40.111111111111114,70,-1,11,53
 VVR,RF,10,20,0,15,44.666666666666664,70,-1,-1,60
 VVR,SVM,0,0,Linear,10,55.55555555555556,70,5,-1,69
 VVR,ZR,0,0,0,0,15.0,70,-1,-1,70
 VVR,KNN,0,0,canberra,all,44.666666666666664,80,-1,11,8
 VVR,RF,10,30,0,10,54.22222222222222,80,-1,-1,6
 VVR,SVM,0,0,Linear,10,54.333333333333336,80,100,-1,0
 VVR,ZR,0,0,0,0,26.22222222222222,80,-1,-1,0
 VVR,KNN,0,0,canberra,all,40.666666666666664,90,-1,3,34
 VVR,RF,10,30,0,20,50.44444444444444,90,-1,-1,31
 VVR,SVM,0,0,Linear,10,43.22222222222222,90,10,-1,21
 VVR,ZR,0,0,0,0,27.22222222222222,90,-1,-1,21
 VVR,KNN,0,0,euclidean,all,40.875,100,-1,3,22
 VVR,RF,10,40,0,22,51.0,100,-1,-1,48
 VVR,SVM,0,0,Linear,10,45.125,100,10,-1,50
 VVR,ZR,0,0,0,0,31.0,100,-1,-1,50
 MMU,KNN,0,0,euclidean,all,9.222222222222221,10,-1,3,10
 MMU,RF,10,10,0,10,9.222222222222221,10,-1,-1,10
 MMU,SVM,0,0,Linear,10,9.222222222222221,10,0.5,-1,10
 MMU,ZR,0,0,0,0,9.222222222222221,10,-1,-1,10
 MMU,KNN,0,0,hamming,all,15.444444444444445,20,-1,9,11
 MMU,RF,50,30,0,20,16.444444444444443,20,-1,-1,15
 MMU,SVM,0,0,Linear,10,15.444444444444445,20,100,-1,11
 MMU,ZR,0,0,0,0,15.444444444444445,20,-1,-1,11
 MMU,KNN,0,0,braycurtis,all,22.11111111111111,30,-1,5,28
 MMU,RF,40,50,0,15,23.333333333333332,30,-1,-1,30
 MMU,SVM,0,0,Linear,20,24.333333333333332,30,0.5,-1,30
 MMU,ZR,0,0,0,0,20.11111111111111,30,-1,-1,30
 MMU,KNN,0,0,braycurtis,all,28.0,40,-1,7,40
 MMU,RF,10,40,0,15,32.666666666666664,40,-1,-1,40
 MMU,SVM,0,0,Linear,10,30.11111111111111,40,0.5,-1,40
 MMU,ZR,0,0,0,0,25.333333333333332,40,-1,-1,40
 MMU,KNN,0,0,canberra,all,30.444444444444443,50,-1,11,33
 MMU,RF,40,20,0,22,36.666666666666664,50,-1,-1,34
 MMU,SVM,0,0,Linear,20,40.0,50,100,-1,48
 MMU,ZR,0,0,0,0,30.22222222222222,50,-1,-1,49
 MMU,KNN,0,0,hamming,all,31.444444444444443,60,-1,11,0
 MMU,RF,50,30,0,20,34.111111111111114,60,-1,-1,18
 MMU,SVM,0,0,Linear,15,40.22222222222222,60,100,-1,15
 MMU,ZR,0,0,0,0,35.55555555555556,60,-1,-1,0
 MMU,KNN,0,0,hamming,all,31.11111111111111,70,-1,11,20
 MMU,RF,30,50,0,15,38.0,70,-1,-1,42
 MMU,SVM,0,0,Linear,10,24.11111111111111,70,100,-1,42
 MMU,ZR,0,0,0,0,29.22222222222222,70,-1,-1,42
 MMU,KNN,0,0,hamming,all,31.555555555555557,80,-1,5,28
 MMU,RF,30,30,0,10,43.55555555555556,80,-1,-1,42
 MMU,SVM,0,0,Linear,10,24.88888888888889,80,100,-1,45
 MMU,ZR,0,0,0,0,22.333333333333332,80,-1,-1,45
 MMU,KNN,0,0,braycurtis,all,39.44444444444444,90,-1,3,13
 MMU,RF,10,30,0,10,47.44444444444444,90,-1,-1,15
 MMU,SVM,0,0,Linear,15,35.888888888888886,90,100,-1,9
 MMU,ZR,0,0,0,0,33.0,90,-1,-1,9
 MMU,KNN,0,0,euclidean,all,46.125,100,-1,5,41
 MMU,RF,30,30,0,15,56.875,100,-1,-1,38
 MMU,SVM,0,0,Linear,10,41.0,100,0.5,-1,38
 MMU,ZR,0,0,0,0,41.0,100,-1,-1,38
 DNI,KNN,0,0,manhattan,all,9.0,10,-1,3,10
 DNI,RF,10,10,0,10,8.777777777777779,10,-1,-1,10
 DNI,SVM,0,0,Linear,10,8.777777777777779,10,0.5,-1,10
 DNI,ZR,0,0,0,0,8.777777777777779,10,-1,-1,10
 DNI,KNN,0,0,chebyshev,all,10.777777777777779,20,-1,5,12
 DNI,RF,30,10,0,10,13.444444444444445,20,-1,-1,14
 DNI,SVM,0,0,Linear,15,11.555555555555555,20,100,-1,9
 DNI,ZR,0,0,0,0,8.777777777777779,20,-1,-1,9
 DNI,KNN,0,0,manhattan,all,19.666666666666668,30,-1,3,20
 DNI,RF,20,20,0,24,23.444444444444443,30,-1,-1,23
 DNI,SVM,0,0,Linear,20,21.77777777777778,30,0.5,-1,14
 DNI,ZR,0,0,0,0,15.555555555555555,30,-1,-1,12
 DNI,KNN,0,0,chebyshev,all,23.11111111111111,40,-1,5,13
 DNI,RF,10,20,0,10,28.555555555555557,40,-1,-1,16
 DNI,SVM,0,0,Linear,20,24.77777777777778,40,0.5,-1,11
 DNI,ZR,0,0,0,0,10.777777777777779,40,-1,-1,37
 DNI,KNN,0,0,euclidean,all,27.0,50,-1,7,32
 DNI,RF,20,30,0,22,33.0,50,-1,-1,46
 DNI,SVM,0,0,Linear,10,28.555555555555557,50,1,-1,31
 DNI,ZR,0,0,0,0,16.555555555555557,50,-1,-1,1
 DNI,KNN,0,0,manhattan,all,30.555555555555557,60,-1,3,39
 DNI,RF,10,50,0,20,34.77777777777778,60,-1,-1,48
 DNI,SVM,0,0,Linear,10,33.111111111111114,60,100,-1,38
 DNI,ZR,0,0,0,0,23.22222222222222,60,-1,-1,14
 DNI,KNN,0,0,manhattan,all,44.888888888888886,70,-1,3,40
 DNI,RF,40,10,0,10,48.55555555555556,70,-1,-1,32
 DNI,SVM,0,0,Linear,10,40.666666666666664,70,0.5,-1,50
 DNI,ZR,0,0,0,0,32.111111111111114,70,-1,-1,51
 DNI,KNN,0,0,braycurtis,all,45.333333333333336,80,-1,9,52
 DNI,RF,10,40,0,10,49.111111111111114,80,-1,-1,69
 DNI,SVM,0,0,Linear,20,41.888888888888886,80,100,-1,12
 DNI,ZR,0,0,0,0,40.111111111111114,80,-1,-1,11
 DNI,KNN,0,0,canberra,all,45.77777777777778,90,-1,5,19
 DNI,RF,20,40,0,22,51.44444444444444,90,-1,-1,31
 DNI,SVM,0,0,Linear,10,43.333333333333336,90,10,-1,11
 DNI,ZR,0,0,0,0,43.666666666666664,90,-1,-1,9
 DNI,KNN,0,0,manhattan,all,55.125,100,-1,11,28
 DNI,RF,10,30,0,20,59.375,100,-1,-1,42
 DNI,SVM,0,0,Linear,10,52.375,100,5,-1,16
 DNI,ZR,0,0,0,0,50.25,100,-1,-1,16
 GGT,KNN,0,0,manhattan,all,8.88888888888889,10,-1,9,10
 GGT,RF,30,10,0,10,8.88888888888889,10,-1,-1,10
 GGT,SVM,0,0,Linear,10,8.88888888888889,10,0.5,-1,10
 GGT,ZR,0,0,0,0,8.88888888888889,10,-1,-1,10
 GGT,KNN,0,0,canberra,all,8.444444444444445,20,-1,7,13
 GGT,RF,40,30,0,20,11.444444444444445,20,-1,-1,5
 GGT,SVM,0,0,Linear,15,10.555555555555555,20,5,-1,11
 GGT,ZR,0,0,0,0,7.555555555555555,20,-1,-1,5
 GGT,KNN,0,0,euclidean,all,13.88888888888889,30,-1,9,9
 GGT,RF,40,20,0,10,16.88888888888889,30,-1,-1,5
 GGT,SVM,0,0,Linear,20,19.77777777777778,30,10,-1,15
 GGT,ZR,0,0,0,0,8.222222222222221,30,-1,-1,5
 GGT,KNN,0,0,braycurtis,all,20.0,40,-1,5,22
 GGT,RF,50,50,0,10,24.11111111111111,40,-1,-1,23
 GGT,SVM,0,0,Linear,20,25.666666666666668,40,5,-1,26
 GGT,ZR,0,0,0,0,18.444444444444443,40,-1,-1,23
 GGT,KNN,0,0,chebyshev,all,28.22222222222222,50,-1,7,38
 GGT,RF,10,20,0,22,34.111111111111114,50,-1,-1,50
 GGT,SVM,0,0,Linear,20,30.77777777777778,50,0.5,-1,49
 GGT,ZR,0,0,0,0,29.88888888888889,50,-1,-1,50
 GGT,KNN,0,0,braycurtis,all,34.22222222222222,60,-1,5,18
 GGT,RF,10,20,0,22,38.77777777777778,60,-1,-1,21
 GGT,SVM,0,0,Linear,20,37.44444444444444,60,0.5,-1,15
 GGT,ZR,0,0,0,0,39.77777777777778,60,-1,-1,14
 GGT,KNN,0,0,euclidean,all,40.22222222222222,70,-1,3,33
 GGT,RF,10,10,0,22,43.44444444444444,70,-1,-1,33
 GGT,SVM,0,0,Linear,10,47.55555555555556,70,5,-1,39
 GGT,ZR,0,0,0,0,46.22222222222222,70,-1,-1,42
 GGT,KNN,0,0,chebyshev,all,41.55555555555556,80,-1,11,28
 GGT,RF,30,10,0,24,43.55555555555556,80,-1,-1,38
 GGT,SVM,0,0,Linear,10,55.333333333333336,80,100,-1,58
 GGT,ZR,0,0,0,0,50.333333333333336,80,-1,-1,25
 GGT,KNN,0,0,euclidean,all,48.77777777777778,90,-1,11,16
 GGT,RF,10,50,0,22,48.111111111111114,90,-1,-1,20
 GGT,SVM,0,0,Linear,10,57.77777777777778,90,10,-1,7
 GGT,ZR,0,0,0,0,54.22222222222222,90,-1,-1,1
 GGT,KNN,0,0,chebyshev,all,54.875,100,-1,11,30
 GGT,RF,10,50,0,24,64.0,100,-1,-1,39
 GGT,SVM,0,0,Linear,10,54.875,100,0.5,-1,20
 GGT,ZR,0,0,0,0,59.375,100,-1,-1,17
 UTX,KNN,0,0,hamming,all,6.444444444444445,10,-1,11,7
 UTX,RF,10,30,0,15,6.555555555555555,10,-1,-1,7
 UTX,SVM,0,0,Linear,10,6.777777777777778,10,100,-1,7
 UTX,ZR,0,0,0,0,6.444444444444445,10,-1,-1,7
 UTX,KNN,0,0,canberra,all,10.666666666666666,20,-1,11,2
 UTX,RF,10,10,0,22,13.333333333333334,20,-1,-1,3
 UTX,SVM,0,0,Linear,20,12.11111111111111,20,100,-1,2
 UTX,ZR,0,0,0,0,3.0,20,-1,-1,1
 UTX,KNN,0,0,canberra,all,13.666666666666666,30,-1,9,11
 UTX,RF,20,10,0,10,18.444444444444443,30,-1,-1,24
 UTX,SVM,0,0,Linear,20,17.555555555555557,30,0.5,-1,12
 UTX,ZR,0,0,0,0,15.0,30,-1,-1,0
 UTX,KNN,0,0,manhattan,all,23.22222222222222,40,-1,7,18
 UTX,RF,30,10,0,15,30.333333333333332,40,-1,-1,20
 UTX,SVM,0,0,Linear,10,30.77777777777778,40,100,-1,18
 UTX,ZR,0,0,0,0,22.88888888888889,40,-1,-1,17
 UTX,KNN,0,0,canberra,all,27.22222222222222,50,-1,7,34
 UTX,RF,10,20,0,24,31.77777777777778,50,-1,-1,26
 UTX,SVM,0,0,Linear,15,29.88888888888889,50,5,-1,49
 UTX,ZR,0,0,0,0,25.77777777777778,50,-1,-1,49
 UTX,KNN,0,0,canberra,all,31.555555555555557,60,-1,9,43
 UTX,RF,40,10,0,10,34.77777777777778,60,-1,-1,50
 UTX,SVM,0,0,Linear,15,32.333333333333336,60,5,-1,37
 UTX,ZR,0,0,0,0,32.44444444444444,60,-1,-1,36
 UTX,KNN,0,0,canberra,all,39.111111111111114,70,-1,9,35
 UTX,RF,10,40,0,24,44.666666666666664,70,-1,-1,50
 UTX,SVM,0,0,Linear,10,41.111111111111114,70,0.5,-1,53
 UTX,ZR,0,0,0,0,43.111111111111114,70,-1,-1,53
 UTX,KNN,0,0,hamming,all,48.888888888888886,80,-1,7,33
 UTX,RF,20,50,0,10,49.55555555555556,80,-1,-1,45
 UTX,SVM,0,0,Linear,15,43.333333333333336,80,1,-1,40
 UTX,ZR,0,0,0,0,51.44444444444444,80,-1,-1,27
 UTX,KNN,0,0,manhattan,all,51.44444444444444,90,-1,11,16
 UTX,RF,10,50,0,24,49.666666666666664,90,-1,-1,9
 UTX,SVM,0,0,Linear,15,48.22222222222222,90,100,-1,8
 UTX,ZR,0,0,0,0,53.44444444444444,90,-1,-1,7
 UTX,KNN,0,0,canberra,all,58.0,100,-1,3,52
 UTX,RF,10,10,0,10,49.25,100,-1,-1,37
 UTX,SVM,0,0,Linear,10,51.0,100,0.5,-1,37
 UTX,ZR,0,0,0,0,56.75,100,-1,-1,37
 KT,KNN,0,0,chebyshev,all,8.11111111111111,10,-1,11,4
 KT,RF,10,10,0,24,9.11111111111111,10,-1,-1,5
 KT,SVM,0,0,Linear,10,8.88888888888889,10,0.5,-1,5
 KT,ZR,0,0,0,0,8.88888888888889,10,-1,-1,5
 KT,KNN,0,0,canberra,all,9.222222222222221,20,-1,7,9
 KT,RF,10,50,0,24,10.666666666666666,20,-1,-1,11
 KT,SVM,0,0,Linear,20,10.88888888888889,20,10,-1,14
 KT,ZR,0,0,0,0,2.111111111111111,20,-1,-1,10
 KT,KNN,0,0,hamming,all,14.333333333333334,30,-1,9,9
 KT,RF,40,50,0,10,17.0,30,-1,-1,8
 KT,SVM,0,0,Linear,10,18.0,30,0.5,-1,11
 KT,ZR,0,0,0,0,10.11111111111111,30,-1,-1,14
 KT,KNN,0,0,manhattan,all,22.555555555555557,40,-1,11,31
 KT,RF,20,10,0,10,28.666666666666668,40,-1,-1,33
 KT,SVM,0,0,Linear,10,25.77777777777778,40,5,-1,33
 KT,ZR,0,0,0,0,20.333333333333332,40,-1,-1,10
 KT,KNN,0,0,braycurtis,all,31.77777777777778,50,-1,11,23
 KT,RF,20,40,0,20,34.333333333333336,50,-1,-1,17
 KT,SVM,0,0,Linear,20,32.111111111111114,50,0.5,-1,24
 KT,ZR,0,0,0,0,29.555555555555557,50,-1,-1,23
 KT,KNN,0,0,braycurtis,all,36.333333333333336,60,-1,11,24
 KT,RF,40,50,0,20,39.333333333333336,60,-1,-1,24
 KT,SVM,0,0,Linear,15,39.22222222222222,60,100,-1,14
 KT,ZR,0,0,0,0,38.22222222222222,60,-1,-1,20
 KT,KNN,0,0,braycurtis,all,41.55555555555556,70,-1,11,45
 KT,RF,50,10,0,15,45.0,70,-1,-1,47
 KT,SVM,0,0,Linear,10,42.666666666666664,70,0.5,-1,59
 KT,ZR,0,0,0,0,33.888888888888886,70,-1,-1,0
 KT,KNN,0,0,braycurtis,all,45.111111111111114,80,-1,11,42
 KT,RF,40,10,0,24,50.22222222222222,80,-1,-1,44
 KT,SVM,0,0,Linear,10,52.22222222222222,80,0.5,-1,43
 KT,ZR,0,0,0,0,45.111111111111114,80,-1,-1,43
 KT,KNN,0,0,chebyshev,all,50.22222222222222,90,-1,11,44
 KT,RF,20,10,0,10,55.77777777777778,90,-1,-1,40
 KT,SVM,0,0,Linear,10,58.888888888888886,90,10,-1,31
 KT,ZR,0,0,0,0,53.0,90,-1,-1,43
 KT,KNN,0,0,chebyshev,all,53.375,100,-1,11,38
 KT,RF,30,10,0,20,56.75,100,-1,-1,40
 KT,SVM,0,0,Linear,10,64.0,100,0.5,-1,39
 KT,ZR,0,0,0,0,52.0,100,-1,-1,42
 ATO,KNN,0,0,manhattan,all,10.0,10,-1,3,10
 ATO,RF,10,10,0,10,10.0,10,-1,-1,10
 ATO,SVM,0,0,Linear,10,10.0,10,0.5,-1,10
 ATO,ZR,0,0,0,0,10.0,10,-1,-1,10
 ATO,KNN,0,0,canberra,all,12.777777777777779,20,-1,11,20
 ATO,RF,50,10,0,20,13.666666666666666,20,-1,-1,20
 ATO,SVM,0,0,Linear,10,13.555555555555555,20,0.5,-1,20
 ATO,ZR,0,0,0,0,13.555555555555555,20,-1,-1,20
 ATO,KNN,0,0,canberra,all,15.0,30,-1,11,16
 ATO,RF,50,40,0,24,19.22222222222222,30,-1,-1,8
 ATO,SVM,0,0,Linear,20,21.555555555555557,30,0.5,-1,25
 ATO,ZR,0,0,0,0,9.666666666666666,30,-1,-1,26
 ATO,KNN,0,0,manhattan,all,20.0,40,-1,9,11
 ATO,RF,50,20,0,22,27.444444444444443,40,-1,-1,24
 ATO,SVM,0,0,Linear,15,28.333333333333332,40,10,-1,29
 ATO,ZR,0,0,0,0,19.22222222222222,40,-1,-1,18
 ATO,KNN,0,0,manhattan,all,29.11111111111111,50,-1,9,39
 ATO,RF,30,10,0,24,31.0,50,-1,-1,41
 ATO,SVM,0,0,Linear,10,32.22222222222222,50,0.5,-1,41
 ATO,ZR,0,0,0,0,30.333333333333332,50,-1,-1,41
 ATO,KNN,0,0,euclidean,all,40.666666666666664,60,-1,11,30
 ATO,RF,30,10,0,15,42.888888888888886,60,-1,-1,35
 ATO,SVM,0,0,Linear,10,43.55555555555556,60,0.5,-1,24
 ATO,ZR,0,0,0,0,43.55555555555556,60,-1,-1,24
 ATO,KNN,0,0,euclidean,all,49.111111111111114,70,-1,9,64
 ATO,RF,10,10,0,20,50.55555555555556,70,-1,-1,66
 ATO,SVM,0,0,Linear,10,52.111111111111114,70,0.5,-1,66
 ATO,ZR,0,0,0,0,52.111111111111114,70,-1,-1,66
 ATO,KNN,0,0,canberra,all,60.55555555555556,80,-1,11,53
 ATO,RF,40,10,0,24,64.77777777777777,80,-1,-1,67
 ATO,SVM,0,0,Linear,15,64.88888888888889,80,0.5,-1,67
 ATO,ZR,0,0,0,0,64.88888888888889,80,-1,-1,66
 ATO,KNN,0,0,canberra,all,69.55555555555556,90,-1,11,43
 ATO,RF,30,10,0,20,72.88888888888889,90,-1,-1,32
 ATO,SVM,0,0,Linear,15,69.33333333333333,90,5,-1,26
 ATO,ZR,0,0,0,0,74.33333333333333,90,-1,-1,42
 ATO,KNN,0,0,canberra,all,77.25,100,-1,11,46
 ATO,RF,30,10,0,20,73.75,100,-1,-1,42
 ATO,SVM,0,0,Linear,10,81.875,100,0.5,-1,49
 ATO,ZR,0,0,0,0,82.0,100,-1,-1,49
 CUZ,KNN,0,0,chebyshev,all,6.666666666666667,10,-1,5,1
 CUZ,RF,10,40,0,10,6.888888888888889,10,-1,-1,1
 CUZ,SVM,0,0,Linear,10,6.555555555555555,10,0.5,-1,1
 CUZ,ZR,0,0,0,0,6.555555555555555,10,-1,-1,1
 CUZ,KNN,0,0,chebyshev,all,10.777777777777779,20,-1,7,5
 CUZ,RF,50,50,0,10,12.222222222222221,20,-1,-1,16
 CUZ,SVM,0,0,Linear,15,10.0,20,0.5,-1,12
 CUZ,ZR,0,0,0,0,6.333333333333333,20,-1,-1,0
 CUZ,KNN,0,0,canberra,all,16.22222222222222,30,-1,11,17
 CUZ,RF,10,50,0,10,19.555555555555557,30,-1,-1,21
 CUZ,SVM,0,0,Linear,10,18.333333333333332,30,0.5,-1,18
 CUZ,ZR,0,0,0,0,8.666666666666666,30,-1,-1,15
 CUZ,KNN,0,0,canberra,all,18.22222222222222,40,-1,11,9
 CUZ,RF,40,30,0,10,23.0,40,-1,-1,31
 CUZ,SVM,0,0,Linear,20,24.77777777777778,40,100,-1,6
 CUZ,ZR,0,0,0,0,14.0,40,-1,-1,2
 CUZ,KNN,0,0,canberra,all,22.0,50,-1,7,38
 CUZ,RF,40,20,0,10,32.888888888888886,50,-1,-1,37
 CUZ,SVM,0,0,Linear,15,24.88888888888889,50,5,-1,34
 CUZ,ZR,0,0,0,0,19.77777777777778,50,-1,-1,34
 CUZ,KNN,0,0,canberra,all,30.666666666666668,60,-1,9,24
 CUZ,RF,30,30,0,10,36.44444444444444,60,-1,-1,24
 CUZ,SVM,0,0,Linear,20,31.444444444444443,60,100,-1,18
 CUZ,ZR,0,0,0,0,26.0,60,-1,-1,24
 CUZ,KNN,0,0,canberra,all,37.666666666666664,70,-1,11,33
 CUZ,RF,10,20,0,15,41.888888888888886,70,-1,-1,12
 CUZ,SVM,0,0,Linear,20,36.888888888888886,70,5,-1,61
 CUZ,ZR,0,0,0,0,32.44444444444444,70,-1,-1,61
 CUZ,KNN,0,0,hamming,all,44.0,80,-1,3,48
 CUZ,RF,30,50,0,20,45.111111111111114,80,-1,-1,53
 CUZ,SVM,0,0,Linear,20,43.0,80,0.5,-1,49
 CUZ,ZR,0,0,0,0,41.333333333333336,80,-1,-1,36
 CUZ,KNN,0,0,canberra,all,50.666666666666664,90,-1,11,37
 CUZ,RF,20,20,0,20,55.0,90,-1,-1,25
 CUZ,SVM,0,0,Linear,15,46.666666666666664,90,0.5,-1,28
 CUZ,ZR,0,0,0,0,46.333333333333336,90,-1,-1,28
 CUZ,KNN,0,0,canberra,all,54.625,100,-1,5,36
 CUZ,RF,10,10,0,20,61.25,100,-1,-1,26
 CUZ,SVM,0,0,Linear,10,56.375,100,1,-1,12
 CUZ,ZR,0,0,0,0,55.125,100,-1,-1,12
 AQNB,KNN,0,0,-1,-1,-1,10,-1,-1,-1
 AQNB,RF,-1,-1,0,-1,-1,-1,-1,-1,-1
 AQNB,SVM,0,0,Linear,-1,-1,10,-1,-1,-1
 AQNB,ZR,0,0,0,0,-1,10,-1,-1,-1
 AQNB,KNN,0,0,-1,-1,-1,20,-1,-1,-1
 AQNB,RF,-1,-1,0,-1,-1,-1,-1,-1,-1
 AQNB,SVM,0,0,Linear,-1,-1,20,-1,-1,-1
 AQNB,ZR,0,0,0,0,-1,20,-1,-1,-1
 AQNB,KNN,0,0,-1,-1,-1,30,-1,-1,-1
 AQNB,RF,-1,-1,0,-1,-1,-1,-1,-1,-1
 AQNB,SVM,0,0,Linear,-1,-1,30,-1,-1,-1
 AQNB,ZR,0,0,0,0,-1,30,-1,-1,-1
 AQNB,KNN,0,0,-1,-1,-1,40,-1,-1,-1
 AQNB,RF,-1,-1,0,-1,-1,-1,-1,-1,-1
 AQNB,SVM,0,0,Linear,-1,-1,40,-1,-1,-1
 AQNB,ZR,0,0,0,0,-1,40,-1,-1,-1
 AQNB,KNN,0,0,-1,-1,-1,50,-1,-1,-1
 AQNB,RF,-1,-1,0,-1,-1,-1,-1,-1,-1
 AQNB,SVM,0,0,Linear,-1,-1,50,-1,-1,-1
 AQNB,ZR,0,0,0,0,-1,50,-1,-1,-1
 AQNB,KNN,0,0,-1,-1,-1,60,-1,-1,-1
 AQNB,RF,-1,-1,0,-1,-1,-1,-1,-1,-1
 AQNB,SVM,0,0,Linear,-1,-1,60,-1,-1,-1
 AQNB,ZR,0,0,0,0,-1,60,-1,-1,-1
 AQNB,KNN,0,0,-1,-1,-1,70,-1,-1,-1
 AQNB,RF,-1,-1,0,-1,-1,-1,-1,-1,-1
 AQNB,SVM,0,0,Linear,-1,-1,70,-1,-1,-1
 AQNB,ZR,0,0,0,0,-1,70,-1,-1,-1
 AQNB,KNN,0,0,-1,-1,-1,80,-1,-1,-1
 AQNB,RF,-1,-1,0,-1,-1,-1,-1,-1,-1
 AQNB,SVM,0,0,Linear,-1,-1,80,-1,-1,-1
 AQNB,ZR,0,0,0,0,-1,80,-1,-1,-1
 AQNB,KNN,0,0,-1,-1,-1,90,-1,-1,-1
 AQNB,RF,-1,-1,0,-1,-1,-1,-1,-1,-1
 AQNB,SVM,0,0,Linear,-1,-1,90,-1,-1,-1
 AQNB,ZR,0,0,0,0,-1,90,-1,-1,-1
 AQNB,KNN,0,0,-1,-1,-1,100,-1,-1,-1
 AQNB,RF,-1,-1,0,-1,-1,-1,-1,-1,-1
 AQNB,SVM,0,0,Linear,-1,-1,100,-1,-1,-1
 AQNB,ZR,0,0,0,0,-1,100,-1,-1,-1
 GJP,KNN,0,0,manhattan,all,5.166666666666667,10,-1,7,5
 GJP,RF,50,20,0,10,6.166666666666667,10,-1,-1,6
 GJP,SVM,0,0,Linear,10,5.333333333333333,10,5,-1,5
 GJP,ZR,0,0,0,0,5.166666666666667,10,-1,-1,6
 GJP,KNN,0,0,euclidean,all,8.5,20,-1,11,8
 GJP,RF,10,10,0,24,12.0,20,-1,-1,10
 GJP,SVM,0,0,Linear,20,4.5,20,0.5,-1,3
 GJP,ZR,0,0,0,0,12.0,20,-1,-1,15
 GJP,KNN,0,0,hamming,all,16.0,30,-1,11,17
 GJP,RF,40,50,0,10,10.0,30,-1,-1,10
 GJP,SVM,0,0,Linear,15,9.0,30,0.5,-1,12
 GJP,ZR,0,0,0,0,17.0,30,-1,-1,19
 GJP,KNN,0,0,euclidean,all,-1,40,-1,3,22
 GJP,RF,10,20,0,24,-1,40,-1,-1,21
 GJP,SVM,0,0,Linear,20,-1,40,100,-1,16
 GJP,ZR,0,0,0,0,-1,40,-1,-1,19
 GJP,KNN,0,0,manhattan,all,-1,50,-1,9,31
 GJP,RF,50,30,0,10,-1,50,-1,-1,36
 GJP,SVM,0,0,Linear,15,-1,50,1,-1,33
 GJP,ZR,0,0,0,0,-1,50,-1,-1,30
 GJP,KNN,0,0,-1,-1,-1,60,-1,-1,-1
 GJP,RF,-1,-1,0,-1,-1,-1,-1,-1,-1
 GJP,SVM,0,0,Linear,-1,-1,60,-1,-1,-1
 GJP,ZR,0,0,0,0,-1,60,-1,-1,-1
 GJP,KNN,0,0,-1,-1,-1,70,-1,-1,-1
 GJP,RF,-1,-1,0,-1,-1,-1,-1,-1,-1
 GJP,SVM,0,0,Linear,-1,-1,70,-1,-1,-1
 GJP,ZR,0,0,0,0,-1,70,-1,-1,-1
 GJP,KNN,0,0,-1,-1,-1,80,-1,-1,-1
 GJP,RF,-1,-1,0,-1,-1,-1,-1,-1,-1
 GJP,SVM,0,0,Linear,-1,-1,80,-1,-1,-1
 GJP,ZR,0,0,0,0,-1,80,-1,-1,-1
 GJP,KNN,0,0,-1,-1,-1,90,-1,-1,-1
 GJP,RF,-1,-1,0,-1,-1,-1,-1,-1,-1
 GJP,SVM,0,0,Linear,-1,-1,90,-1,-1,-1
 GJP,ZR,0,0,0,0,-1,90,-1,-1,-1
 GJP,KNN,0,0,-1,-1,-1,100,-1,-1,-1
 GJP,RF,-1,-1,0,-1,-1,-1,-1,-1,-1
 GJP,SVM,0,0,Linear,-1,-1,100,-1,-1,-1
 GJP,ZR,0,0,0,0,-1,100,-1,-1,-1
 JCO,KNN,0,0,chebyshev,all,10.0,10,-1,3,10
 JCO,RF,10,10,0,10,10.0,10,-1,-1,10
 JCO,SVM,0,0,Linear,10,10.0,10,0.5,-1,10
 JCO,ZR,0,0,0,0,10.0,10,-1,-1,10
 JCO,KNN,0,0,hamming,all,20.0,20,-1,11,20
 JCO,RF,10,30,0,10,20.0,20,-1,-1,20
 JCO,SVM,0,0,Linear,10,20.0,20,0.5,-1,11
 JCO,ZR,0,0,0,0,20.0,20,-1,-1,20
 JCO,KNN,0,0,hamming,all,29.0,30,-1,5,14
 JCO,RF,10,10,0,20,29.5,30,-1,-1,22
 JCO,SVM,0,0,Linear,10,29.5,30,100,-1,5
 JCO,ZR,0,0,0,0,29.5,30,-1,-1,14
 JCO,KNN,0,0,hamming,all,25.0,40,-1,5,2
 JCO,RF,20,20,0,22,26.0,40,-1,-1,14
 JCO,SVM,0,0,Linear,20,20.0,40,10,-1,9
 JCO,ZR,0,0,0,0,25.0,40,-1,-1,1
 JCO,KNN,0,0,canberra,all,-1,50,-1,3,17
 JCO,RF,10,10,0,22,-1,50,-1,-1,19
 JCO,SVM,0,0,Linear,20,-1,50,100,-1,21
 JCO,ZR,0,0,0,0,-1,50,-1,-1,4
 JCO,KNN,0,0,manhattan,all,-1,60,-1,5,40
 JCO,RF,10,40,0,15,-1,60,-1,-1,42
 JCO,SVM,0,0,Linear,15,-1,60,0.5,-1,35
 JCO,ZR,0,0,0,0,-1,60,-1,-1,0
 JCO,KNN,0,0,hamming,all,-1,70,-1,3,10
 JCO,RF,10,10,0,10,-1,70,-1,-1,9
 JCO,SVM,0,0,Linear,10,-1,70,0.5,-1,9
 JCO,ZR,0,0,0,0,-1,70,-1,-1,9
 JCO,KNN,0,0,-1,-1,-1,80,-1,-1,-1
 JCO,RF,-1,-1,0,-1,-1,-1,-1,-1,-1
 JCO,SVM,0,0,Linear,-1,-1,80,-1,-1,-1
 JCO,ZR,0,0,0,0,-1,80,-1,-1,-1
 JCO,KNN,0,0,-1,-1,-1,90,-1,-1,-1
 JCO,RF,-1,-1,0,-1,-1,-1,-1,-1,-1
 JCO,SVM,0,0,Linear,-1,-1,90,-1,-1,-1
 JCO,ZR,0,0,0,0,-1,90,-1,-1,-1
 JCO,KNN,0,0,-1,-1,-1,100,-1,-1,-1
 JCO,RF,-1,-1,0,-1,-1,-1,-1,-1,-1
 JCO,SVM,0,0,Linear,-1,-1,100,-1,-1,-1
 JCO,ZR,0,0,0,0,-1,100,-1,-1,-1
 JCAP,KNN,0,0,canberra,all,9.11111111111111,10,-1,9,10
 JCAP,RF,20,10,0,24,9.0,10,-1,-1,10
 JCAP,SVM,0,0,Linear,10,9.222222222222221,10,0.5,-1,10
 JCAP,ZR,0,0,0,0,9.222222222222221,10,-1,-1,10
 JCAP,KNN,0,0,braycurtis,all,11.0,20,-1,3,11
 JCAP,RF,30,40,0,24,14.0,20,-1,-1,15
 JCAP,SVM,0,0,Linear,20,14.571428571428571,20,0.5,-1,17
 JCAP,ZR,0,0,0,0,3.5714285714285716,20,-1,-1,17
 JCAP,KNN,0,0,canberra,all,13.75,30,-1,3,23
 JCAP,RF,10,20,0,22,17.5,30,-1,-1,27
 JCAP,SVM,0,0,Linear,20,13.25,30,5,-1,26
 JCAP,ZR,0,0,0,0,8.25,30,-1,-1,27
 JCAP,KNN,0,0,braycurtis,all,19.333333333333332,40,-1,11,33
 JCAP,RF,20,50,0,10,32.333333333333336,40,-1,-1,32
 JCAP,SVM,0,0,Linear,20,20.0,40,100,-1,28
 JCAP,ZR,0,0,0,0,19.333333333333332,40,-1,-1,33
 JCAP,KNN,0,0,manhattan,all,31.5,50,-1,11,36
 JCAP,RF,10,10,0,10,34.0,50,-1,-1,41
 JCAP,SVM,0,0,Linear,10,32.5,50,0.5,-1,37
 JCAP,ZR,0,0,0,0,34.0,50,-1,-1,37
 JCAP,KNN,0,0,chebyshev,all,43.0,60,-1,11,46
 JCAP,RF,30,20,0,15,41.0,60,-1,-1,47
 JCAP,SVM,0,0,Linear,10,41.0,60,0.5,-1,47
 JCAP,ZR,0,0,0,0,41.0,60,-1,-1,47
 JCAP,KNN,0,0,braycurtis,all,58.0,70,-1,11,44
 JCAP,RF,20,10,0,15,65.0,70,-1,-1,45
 JCAP,SVM,0,0,Linear,15,55.0,70,100,-1,45
 JCAP,ZR,0,0,0,0,64.0,70,-1,-1,45
 JCAP,KNN,0,0,hamming,all,-1,80,-1,11,59
 JCAP,RF,10,40,0,10,-1,80,-1,-1,67
 JCAP,SVM,0,0,Linear,10,-1,80,0.5,-1,58
 JCAP,ZR,0,0,0,0,-1,80,-1,-1,58
 JCAP,KNN,0,0,canberra,all,-1,90,-1,7,62
 JCAP,RF,40,50,0,20,-1,90,-1,-1,66
 JCAP,SVM,0,0,Linear,10,-1,90,0.5,-1,65
 JCAP,ZR,0,0,0,0,-1,90,-1,-1,65
 JCAP,KNN,0,0,canberra,all,-1,100,-1,11,78
 JCAP,RF,10,50,0,10,-1,100,-1,-1,89
 JCAP,SVM,0,0,Linear,10,-1,100,0.5,-1,83
 JCAP,ZR,0,0,0,0,-1,100,-1,-1,83
 NPN,KNN,0,0,hamming,all,8.88888888888889,10,-1,3,10
 NPN,RF,20,40,0,15,9.777777777777779,10,-1,-1,10
 NPN,SVM,0,0,Linear,10,8.88888888888889,10,0.5,-1,10
 NPN,ZR,0,0,0,0,8.88888888888889,10,-1,-1,10
 NPN,KNN,0,0,braycurtis,all,13.0,20,-1,7,11
 NPN,RF,40,40,0,20,13.444444444444445,20,-1,-1,10
 NPN,SVM,0,0,Linear,20,11.11111111111111,20,0.5,-1,10
 NPN,ZR,0,0,0,0,12.777777777777779,20,-1,-1,10
 NPN,KNN,0,0,manhattan,all,18.25,30,-1,11,24
 NPN,RF,50,30,0,24,20.0,30,-1,-1,22
 NPN,SVM,0,0,Linear,20,18.25,30,0.5,-1,27
 NPN,ZR,0,0,0,0,17.125,30,-1,-1,27
 NPN,KNN,0,0,hamming,all,17.166666666666668,40,-1,11,7
 NPN,RF,40,30,0,15,17.666666666666668,40,-1,-1,25
 NPN,SVM,0,0,Linear,15,18.0,40,0.5,-1,7
 NPN,ZR,0,0,0,0,19.5,40,-1,-1,1
 NPN,KNN,0,0,hamming,all,17.0,50,-1,3,21
 NPN,RF,10,50,0,10,14.0,50,-1,-1,22
 NPN,SVM,0,0,Linear,10,14.75,50,100,-1,8
 NPN,ZR,0,0,0,0,12.0,50,-1,-1,24
 NPN,KNN,0,0,hamming,all,24.0,60,-1,3,21
 NPN,RF,20,30,0,20,14.333333333333334,60,-1,-1,10
 NPN,SVM,0,0,Linear,10,20.666666666666668,60,0.5,-1,23
 NPN,ZR,0,0,0,0,18.0,60,-1,-1,24
 NPN,KNN,0,0,hamming,all,33.5,70,-1,5,27
 NPN,RF,30,10,0,15,32.5,70,-1,-1,28
 NPN,SVM,0,0,Linear,10,33.5,70,0.5,-1,24
 NPN,ZR,0,0,0,0,33.5,70,-1,-1,24
 NPN,KNN,0,0,euclidean,all,40.5,80,-1,7,39
 NPN,RF,30,10,0,24,36.0,80,-1,-1,38
 NPN,SVM,0,0,Linear,10,40.5,80,0.5,-1,45
 NPN,ZR,0,0,0,0,44.0,80,-1,-1,45
 NPN,KNN,0,0,chebyshev,all,52.0,90,-1,5,37
 NPN,RF,30,50,0,10,53.0,90,-1,-1,41
 NPN,SVM,0,0,Linear,15,51.0,90,0.5,-1,41
 NPN,ZR,0,0,0,0,50.0,90,-1,-1,41
 NPN,KNN,0,0,canberra,all,68.0,100,-1,5,59
 NPN,RF,30,50,0,15,67.0,100,-1,-1,65
 NPN,SVM,0,0,Linear,10,64.0,100,0.5,-1,65
 NPN,ZR,0,0,0,0,64.0,100,-1,-1,65
 EDF,KNN,0,0,manhattan,all,7.888888888888889,10,-1,11,9
 EDF,RF,10,20,0,10,8.11111111111111,10,-1,-1,10
 EDF,SVM,0,0,Linear,10,8.11111111111111,10,10,-1,10
 EDF,ZR,0,0,0,0,8.0,10,-1,-1,10
 EDF,KNN,0,0,canberra,all,9.88888888888889,20,-1,9,11
 EDF,RF,10,10,0,22,10.666666666666666,20,-1,-1,8
 EDF,SVM,0,0,Linear,10,8.0,20,0.5,-1,8
 EDF,ZR,0,0,0,0,6.666666666666667,20,-1,-1,8
 EDF,KNN,0,0,hamming,all,12.88888888888889,30,-1,9,15
 EDF,RF,50,30,0,15,17.555555555555557,30,-1,-1,23
 EDF,SVM,0,0,Linear,15,15.0,30,100,-1,20
 EDF,ZR,0,0,0,0,10.222222222222221,30,-1,-1,0
 EDF,KNN,0,0,chebyshev,all,19.0,40,-1,5,15
 EDF,RF,30,20,0,22,25.125,40,-1,-1,32
 EDF,SVM,0,0,Linear,10,27.0,40,0.5,-1,33
 EDF,ZR,0,0,0,0,10.75,40,-1,-1,11
 EDF,KNN,0,0,canberra,all,23.666666666666668,50,-1,11,11
 EDF,RF,20,10,0,15,26.5,50,-1,-1,30
 EDF,SVM,0,0,Linear,10,35.833333333333336,50,0.5,-1,2
 EDF,ZR,0,0,0,0,17.5,50,-1,-1,2
 EDF,KNN,0,0,hamming,all,32.8,60,-1,9,24
 EDF,RF,10,20,0,20,37.2,60,-1,-1,25
 EDF,SVM,0,0,Linear,15,30.0,60,0.5,-1,25
 EDF,ZR,0,0,0,0,25.8,60,-1,-1,25
 EDF,KNN,0,0,hamming,all,43.5,70,-1,9,29
 EDF,RF,10,30,0,10,33.75,70,-1,-1,19
 EDF,SVM,0,0,Linear,15,18.5,70,0.5,-1,44
 EDF,ZR,0,0,0,0,28.25,70,-1,-1,44
 EDF,KNN,0,0,hamming,all,41.0,80,-1,11,36
 EDF,RF,10,30,0,10,45.333333333333336,80,-1,-1,8
 EDF,SVM,0,0,Linear,10,23.666666666666668,80,100,-1,44
 EDF,ZR,0,0,0,0,28.666666666666668,80,-1,-1,44
 EDF,KNN,0,0,hamming,all,55.0,90,-1,3,45
 EDF,RF,20,50,0,15,52.5,90,-1,-1,28
 EDF,SVM,0,0,Linear,10,28.5,90,0.5,-1,27
 EDF,ZR,0,0,0,0,28.5,90,-1,-1,27
 EDF,KNN,0,0,hamming,all,62.5,100,-1,7,55
 EDF,RF,10,20,0,20,50.5,100,-1,-1,70
 EDF,SVM,0,0,Linear,20,28.0,100,0.5,-1,70
 EDF,ZR,0,0,0,0,22.5,100,-1,-1,70
 RRTS,KNN,0,0,manhattan,all,5.555555555555555,10,-1,3,4
 RRTS,RF,40,20,0,10,5.777777777777778,10,-1,-1,2
 RRTS,SVM,0,0,Linear,15,5.888888888888889,10,0.5,-1,7
 RRTS,ZR,0,0,0,0,3.6666666666666665,10,-1,-1,7
 RRTS,KNN,0,0,manhattan,all,11.0,20,-1,3,16
 RRTS,RF,40,30,0,10,11.777777777777779,20,-1,-1,16
 RRTS,SVM,0,0,Linear,10,9.777777777777779,20,0.5,-1,16
 RRTS,ZR,0,0,0,0,9.88888888888889,20,-1,-1,16
 RRTS,KNN,0,0,braycurtis,all,17.88888888888889,30,-1,7,14
 RRTS,RF,30,40,0,22,19.666666666666668,30,-1,-1,21
 RRTS,SVM,0,0,Linear,15,16.88888888888889,30,0.5,-1,18
 RRTS,ZR,0,0,0,0,17.666666666666668,30,-1,-1,17
 RRTS,KNN,0,0,euclidean,all,22.88888888888889,40,-1,7,14
 RRTS,RF,10,10,0,20,26.333333333333332,40,-1,-1,27
 RRTS,SVM,0,0,Linear,10,25.555555555555557,40,0.5,-1,29
 RRTS,ZR,0,0,0,0,26.11111111111111,40,-1,-1,13
 RRTS,KNN,0,0,euclidean,all,28.571428571428573,50,-1,9,33
 RRTS,RF,40,50,0,24,32.714285714285715,50,-1,-1,24
 RRTS,SVM,0,0,Linear,10,28.428571428571427,50,5,-1,39
 RRTS,ZR,0,0,0,0,31.428571428571427,50,-1,-1,17
 RRTS,KNN,0,0,canberra,all,36.2,60,-1,5,36
 RRTS,RF,10,40,0,10,42.2,60,-1,-1,47
 RRTS,SVM,0,0,Linear,10,40.4,60,0.5,-1,29
 RRTS,ZR,0,0,0,0,40.6,60,-1,-1,20
 RRTS,KNN,0,0,manhattan,all,42.5,70,-1,3,33
 RRTS,RF,10,50,0,20,49.75,70,-1,-1,36
 RRTS,SVM,0,0,Linear,10,40.0,70,5,-1,15
 RRTS,ZR,0,0,0,0,41.25,70,-1,-1,23
 RRTS,KNN,0,0,hamming,all,41.666666666666664,80,-1,11,41
 RRTS,RF,10,30,0,20,54.333333333333336,80,-1,-1,39
 RRTS,SVM,0,0,Linear,10,47.0,80,10,-1,37
 RRTS,ZR,0,0,0,0,56.0,80,-1,-1,33
 RRTS,KNN,0,0,hamming,all,50.0,90,-1,7,39
 RRTS,RF,50,20,0,10,51.666666666666664,90,-1,-1,23
 RRTS,SVM,0,0,Linear,15,52.333333333333336,90,5,-1,31
 RRTS,ZR,0,0,0,0,54.333333333333336,90,-1,-1,41
 RRTS,KNN,0,0,euclidean,all,57.0,100,-1,3,44
 RRTS,RF,10,40,0,24,45.0,100,-1,-1,61
 RRTS,SVM,0,0,Linear,10,48.5,100,5,-1,35
 RRTS,ZR,0,0,0,0,41.0,100,-1,-1,35
 LRN,KNN,0,0,euclidean,all,5.222222222222222,10,-1,9,9
 LRN,RF,30,20,0,10,5.111111111111111,10,-1,-1,8
 LRN,SVM,0,0,Linear,20,6.0,10,10,-1,9
 LRN,ZR,0,0,0,0,2.4444444444444446,10,-1,-1,2
 LRN,KNN,0,0,braycurtis,all,11.555555555555555,20,-1,7,15
 LRN,RF,50,40,0,10,13.666666666666666,20,-1,-1,8
 LRN,SVM,0,0,Linear,10,13.444444444444445,20,100,-1,7
 LRN,ZR,0,0,0,0,11.88888888888889,20,-1,-1,11
 LRN,KNN,0,0,canberra,all,19.666666666666668,30,-1,11,26
 LRN,RF,40,30,0,24,19.22222222222222,30,-1,-1,29
 LRN,SVM,0,0,Linear,20,22.666666666666668,30,0.5,-1,16
 LRN,ZR,0,0,0,0,23.555555555555557,30,-1,-1,1
 LRN,KNN,0,0,canberra,all,23.666666666666668,40,-1,9,22
 LRN,RF,20,30,0,22,26.444444444444443,40,-1,-1,22
 LRN,SVM,0,0,Linear,20,30.444444444444443,40,1,-1,26
 LRN,ZR,0,0,0,0,27.444444444444443,40,-1,-1,4
 LRN,KNN,0,0,braycurtis,all,24.88888888888889,50,-1,11,35
 LRN,RF,20,30,0,10,28.333333333333332,50,-1,-1,34
 LRN,SVM,0,0,Linear,10,26.0,50,1,-1,49
 LRN,ZR,0,0,0,0,25.77777777777778,50,-1,-1,49
 LRN,KNN,0,0,hamming,all,34.57142857142857,60,-1,7,33
 LRN,RF,10,20,0,10,38.57142857142857,60,-1,-1,25
 LRN,SVM,0,0,Linear,10,32.42857142857143,60,100,-1,54
 LRN,ZR,0,0,0,0,29.0,60,-1,-1,54
 LRN,KNN,0,0,euclidean,all,40.166666666666664,70,-1,5,42
 LRN,RF,10,10,0,10,50.0,70,-1,-1,48
 LRN,SVM,0,0,Linear,20,34.833333333333336,70,10,-1,46
 LRN,ZR,0,0,0,0,34.333333333333336,70,-1,-1,48
 LRN,KNN,0,0,braycurtis,all,44.6,80,-1,3,35
 LRN,RF,40,50,0,10,54.0,80,-1,-1,29
 LRN,SVM,0,0,Linear,10,30.8,80,10,-1,58
 LRN,ZR,0,0,0,0,38.4,80,-1,-1,58
 LRN,KNN,0,0,euclidean,all,48.0,90,-1,11,40
 LRN,RF,10,20,0,24,57.0,90,-1,-1,27
 LRN,SVM,0,0,Linear,10,61.0,90,5,-1,65
 LRN,ZR,0,0,0,0,40.75,90,-1,-1,68
 LRN,KNN,0,0,euclidean,all,59.0,100,-1,3,45
 LRN,RF,20,10,0,20,75.66666666666667,100,-1,-1,49
 LRN,SVM,0,0,Linear,15,51.0,100,5,-1,77
 LRN,ZR,0,0,0,0,39.0,100,-1,-1,77
 JTD,KNN,0,0,manhattan,all,9.333333333333334,10,-1,9,10
 JTD,RF,10,10,0,10,9.444444444444445,10,-1,-1,10
 JTD,SVM,0,0,Linear,10,9.444444444444445,10,0.5,-1,10
 JTD,ZR,0,0,0,0,9.444444444444445,10,-1,-1,10
 JTD,KNN,0,0,braycurtis,all,11.666666666666666,20,-1,3,12
 JTD,RF,50,40,0,24,15.11111111111111,20,-1,-1,15
 JTD,SVM,0,0,Linear,20,11.666666666666666,20,10,-1,11
 JTD,ZR,0,0,0,0,10.444444444444445,20,-1,-1,9
 JTD,KNN,0,0,canberra,all,16.555555555555557,30,-1,3,15
 JTD,RF,20,10,0,10,22.0,30,-1,-1,18
 JTD,SVM,0,0,Linear,15,23.88888888888889,30,1,-1,16
 JTD,ZR,0,0,0,0,14.777777777777779,30,-1,-1,16
 JTD,KNN,0,0,canberra,all,15.555555555555555,40,-1,9,22
 JTD,RF,30,50,0,15,23.11111111111111,40,-1,-1,23
 JTD,SVM,0,0,Linear,20,23.666666666666668,40,0.5,-1,21
 JTD,ZR,0,0,0,0,13.777777777777779,40,-1,-1,24
 JTD,KNN,0,0,braycurtis,all,25.88888888888889,50,-1,3,45
 JTD,RF,40,30,0,22,33.55555555555556,50,-1,-1,49
 JTD,SVM,0,0,Linear,10,30.0,50,100,-1,48
 JTD,ZR,0,0,0,0,23.0,50,-1,-1,50
 JTD,KNN,0,0,canberra,all,33.857142857142854,60,-1,11,41
 JTD,RF,40,10,0,22,42.42857142857143,60,-1,-1,53
 JTD,SVM,0,0,Linear,20,39.57142857142857,60,100,-1,18
 JTD,ZR,0,0,0,0,31.571428571428573,60,-1,-1,60
 JTD,KNN,0,0,braycurtis,all,46.333333333333336,70,-1,11,22
 JTD,RF,10,20,0,10,55.666666666666664,70,-1,-1,54
 JTD,SVM,0,0,Linear,10,35.166666666666664,70,1,-1,12
 JTD,ZR,0,0,0,0,46.833333333333336,70,-1,-1,70
 JTD,KNN,0,0,braycurtis,all,56.0,80,-1,3,22
 JTD,RF,20,10,0,20,61.4,80,-1,-1,29
 JTD,SVM,0,0,Linear,10,43.4,80,10,-1,6
 JTD,ZR,0,0,0,0,60.8,80,-1,-1,74
 JTD,KNN,0,0,manhattan,all,67.75,90,-1,5,21
 JTD,RF,50,40,0,20,75.5,90,-1,-1,16
 JTD,SVM,0,0,Linear,20,52.75,90,0.5,-1,5
 JTD,ZR,0,0,0,0,74.0,90,-1,-1,85
 JTD,KNN,0,0,canberra,all,70.25,100,-1,9,47
 JTD,RF,50,30,0,20,88.25,100,-1,-1,24
 JTD,SVM,0,0,Linear,10,45.75,100,0.5,-1,53
 JTD,ZR,0,0,0,0,87.75,100,-1,-1,31
 LPL,KNN,0,0,canberra,all,6.111111111111111,10,-1,11,4
 LPL,RF,20,20,0,22,6.444444444444445,10,-1,-1,5
 LPL,SVM,0,0,Linear,20,5.777777777777778,10,5,-1,4
 LPL,ZR,0,0,0,0,5.555555555555555,10,-1,-1,3
 LPL,KNN,0,0,chebyshev,all,12.0,20,-1,11,17
 LPL,RF,30,40,0,20,13.222222222222221,20,-1,-1,19
 LPL,SVM,0,0,Linear,10,11.333333333333334,20,5,-1,20
 LPL,ZR,0,0,0,0,8.777777777777779,20,-1,-1,20
 LPL,KNN,0,0,hamming,all,17.77777777777778,30,-1,5,22
 LPL,RF,50,20,0,24,21.88888888888889,30,-1,-1,29
 LPL,SVM,0,0,Linear,15,19.666666666666668,30,1,-1,29
 LPL,ZR,0,0,0,0,17.88888888888889,30,-1,-1,29
 LPL,KNN,0,0,euclidean,all,22.88888888888889,40,-1,9,25
 LPL,RF,50,20,0,24,26.22222222222222,40,-1,-1,29
 LPL,SVM,0,0,Linear,20,29.666666666666668,40,100,-1,32
 LPL,ZR,0,0,0,0,21.666666666666668,40,-1,-1,20
 LPL,KNN,0,0,canberra,all,30.22222222222222,50,-1,3,34
 LPL,RF,20,50,0,22,32.333333333333336,50,-1,-1,28
 LPL,SVM,0,0,Linear,10,31.77777777777778,50,10,-1,39
 LPL,ZR,0,0,0,0,26.333333333333332,50,-1,-1,11
 LPL,KNN,0,0,chebyshev,all,32.77777777777778,60,-1,3,30
 LPL,RF,30,30,0,10,37.111111111111114,60,-1,-1,30
 LPL,SVM,0,0,Linear,10,35.111111111111114,60,5,-1,46
 LPL,ZR,0,0,0,0,29.333333333333332,60,-1,-1,47
 LPL,KNN,0,0,euclidean,all,38.375,70,-1,3,41
 LPL,RF,10,50,0,10,43.0,70,-1,-1,36
 LPL,SVM,0,0,Linear,20,36.125,70,0.5,-1,41
 LPL,ZR,0,0,0,0,37.0,70,-1,-1,25
 LPL,KNN,0,0,hamming,all,44.714285714285715,80,-1,3,35
 LPL,RF,20,20,0,20,44.0,80,-1,-1,38
 LPL,SVM,0,0,Linear,20,42.42857142857143,80,100,-1,37
 LPL,ZR,0,0,0,0,41.142857142857146,80,-1,-1,31
 LPL,KNN,0,0,chebyshev,all,51.666666666666664,90,-1,3,66
 LPL,RF,20,20,0,10,55.666666666666664,90,-1,-1,58
 LPL,SVM,0,0,Linear,10,50.0,90,100,-1,32
 LPL,ZR,0,0,0,0,43.333333333333336,90,-1,-1,30
 LPL,KNN,0,0,hamming,all,56.6,100,-1,7,62
 LPL,RF,20,40,0,22,60.6,100,-1,-1,40
 LPL,SVM,0,0,Linear,20,52.0,100,0.5,-1,41
 LPL,ZR,0,0,0,0,50.8,100,-1,-1,32
 LAZ,KNN,0,0,canberra,all,5.444444444444445,10,-1,11,7
 LAZ,RF,40,40,0,15,6.333333333333333,10,-1,-1,7
 LAZ,SVM,0,0,Linear,20,6.0,10,5,-1,9
 LAZ,ZR,0,0,0,0,3.5555555555555554,10,-1,-1,9
 LAZ,KNN,0,0,canberra,all,9.11111111111111,20,-1,7,11
 LAZ,RF,10,40,0,24,9.88888888888889,20,-1,-1,11
 LAZ,SVM,0,0,Linear,15,9.555555555555555,20,0.5,-1,11
 LAZ,ZR,0,0,0,0,9.11111111111111,20,-1,-1,3
 LAZ,KNN,0,0,braycurtis,all,16.88888888888889,30,-1,11,13
 LAZ,RF,40,40,0,24,18.77777777777778,30,-1,-1,18
 LAZ,SVM,0,0,Linear,10,18.0,30,5,-1,13
 LAZ,ZR,0,0,0,0,13.333333333333334,30,-1,-1,15
 LAZ,KNN,0,0,braycurtis,all,25.88888888888889,40,-1,3,30
 LAZ,RF,50,50,0,10,27.77777777777778,40,-1,-1,26
 LAZ,SVM,0,0,Linear,10,27.555555555555557,40,10,-1,38
 LAZ,ZR,0,0,0,0,20.444444444444443,40,-1,-1,37
 LAZ,KNN,0,0,euclidean,all,27.666666666666668,50,-1,11,21
 LAZ,RF,30,40,0,20,31.88888888888889,50,-1,-1,20
 LAZ,SVM,0,0,Linear,15,30.77777777777778,50,0.5,-1,20
 LAZ,ZR,0,0,0,0,27.22222222222222,50,-1,-1,20
 LAZ,KNN,0,0,canberra,all,36.22222222222222,60,-1,7,32
 LAZ,RF,40,10,0,24,39.666666666666664,60,-1,-1,34
 LAZ,SVM,0,0,Linear,20,34.888888888888886,60,10,-1,44
 LAZ,ZR,0,0,0,0,34.44444444444444,60,-1,-1,31
 LAZ,KNN,0,0,canberra,all,39.375,70,-1,9,41
 LAZ,RF,50,10,0,15,44.625,70,-1,-1,45
 LAZ,SVM,0,0,Linear,15,41.125,70,0.5,-1,29
 LAZ,ZR,0,0,0,0,40.75,70,-1,-1,45
 LAZ,KNN,0,0,manhattan,all,48.666666666666664,80,-1,5,43
 LAZ,RF,10,20,0,22,49.666666666666664,80,-1,-1,37
 LAZ,SVM,0,0,Linear,15,47.5,80,0.5,-1,49
 LAZ,ZR,0,0,0,0,49.833333333333336,80,-1,-1,50
 LAZ,KNN,0,0,manhattan,all,56.166666666666664,90,-1,11,43
 LAZ,RF,40,50,0,15,58.166666666666664,90,-1,-1,48
 LAZ,SVM,0,0,Linear,10,59.333333333333336,90,100,-1,56
 LAZ,ZR,0,0,0,0,59.333333333333336,90,-1,-1,35
 LAZ,KNN,0,0,braycurtis,all,64.6,100,-1,9,50
 LAZ,RF,10,10,0,10,72.4,100,-1,-1,58
 LAZ,SVM,0,0,Linear,10,68.4,100,0.5,-1,31
 LAZ,ZR,0,0,0,0,67.0,100,-1,-1,44
 HUN,KNN,0,0,canberra,all,4.666666666666667,10,-1,9,2
 HUN,RF,10,10,0,24,5.666666666666667,10,-1,-1,4
 HUN,SVM,0,0,Linear,15,5.0,10,10,-1,3
 HUN,ZR,0,0,0,0,2.111111111111111,10,-1,-1,3
 HUN,KNN,0,0,chebyshev,all,12.666666666666666,20,-1,7,20
 HUN,RF,20,10,0,10,15.555555555555555,20,-1,-1,20
 HUN,SVM,0,0,Linear,10,15.11111111111111,20,1,-1,20
 HUN,ZR,0,0,0,0,8.88888888888889,20,-1,-1,0
 HUN,KNN,0,0,braycurtis,all,17.555555555555557,30,-1,3,20
 HUN,RF,30,20,0,15,22.333333333333332,30,-1,-1,26
 HUN,SVM,0,0,Linear,20,19.555555555555557,30,10,-1,11
 HUN,ZR,0,0,0,0,12.222222222222221,30,-1,-1,11
 HUN,KNN,0,0,hamming,all,21.11111111111111,40,-1,3,36
 HUN,RF,10,40,0,10,27.555555555555557,40,-1,-1,39
 HUN,SVM,0,0,Linear,10,24.22222222222222,40,100,-1,39
 HUN,ZR,0,0,0,0,17.444444444444443,40,-1,-1,39
 HUN,KNN,0,0,manhattan,all,26.444444444444443,50,-1,11,35
 HUN,RF,30,10,0,20,27.77777777777778,50,-1,-1,44
 HUN,SVM,0,0,Linear,10,27.11111111111111,50,10,-1,44
 HUN,ZR,0,0,0,0,26.333333333333332,50,-1,-1,44
 HUN,KNN,0,0,canberra,all,34.888888888888886,60,-1,7,31
 HUN,RF,10,10,0,22,36.888888888888886,60,-1,-1,27
 HUN,SVM,0,0,Linear,10,36.0,60,100,-1,40
 HUN,ZR,0,0,0,0,35.111111111111114,60,-1,-1,40
 HUN,KNN,0,0,hamming,all,42.625,70,-1,11,31
 HUN,RF,10,20,0,22,40.375,70,-1,-1,42
 HUN,SVM,0,0,Linear,10,44.25,70,1,-1,47
 HUN,ZR,0,0,0,0,41.875,70,-1,-1,48
 HUN,KNN,0,0,chebyshev,all,49.714285714285715,80,-1,11,47
 HUN,RF,20,20,0,24,52.714285714285715,80,-1,-1,46
 HUN,SVM,0,0,Linear,15,50.142857142857146,80,0.5,-1,49
 HUN,ZR,0,0,0,0,50.142857142857146,80,-1,-1,53
 HUN,KNN,0,0,canberra,all,59.5,90,-1,3,49
 HUN,RF,40,40,0,20,63.333333333333336,90,-1,-1,45
 HUN,SVM,0,0,Linear,20,59.5,90,1,-1,55
 HUN,ZR,0,0,0,0,59.0,90,-1,-1,67
 HUN,KNN,0,0,braycurtis,all,69.8,100,-1,11,58
 HUN,RF,20,20,0,24,70.0,100,-1,-1,55
 HUN,SVM,0,0,Linear,10,68.6,100,5,-1,69
 HUN,ZR,0,0,0,0,66.4,100,-1,-1,70
 PGP,KNN,0,0,hamming,all,8.11111111111111,10,-1,11,6
 PGP,RF,30,30,0,24,9.11111111111111,10,-1,-1,7
 PGP,SVM,0,0,Linear,10,8.11111111111111,10,0.5,-1,4
 PGP,ZR,0,0,0,0,8.333333333333334,10,-1,-1,7
 PGP,KNN,0,0,canberra,all,9.88888888888889,20,-1,3,14
 PGP,RF,50,50,0,10,10.11111111111111,20,-1,-1,2
 PGP,SVM,0,0,Linear,10,10.11111111111111,20,5,-1,5
 PGP,ZR,0,0,0,0,7.333333333333333,20,-1,-1,16
 PGP,KNN,0,0,euclidean,all,14.555555555555555,30,-1,11,18
 PGP,RF,20,20,0,20,18.11111111111111,30,-1,-1,11
 PGP,SVM,0,0,Linear,20,17.555555555555557,30,100,-1,22
 PGP,ZR,0,0,0,0,13.333333333333334,30,-1,-1,8
 PGP,KNN,0,0,braycurtis,all,20.666666666666668,40,-1,11,4
 PGP,RF,20,10,0,24,25.444444444444443,40,-1,-1,26
 PGP,SVM,0,0,Linear,10,29.444444444444443,40,1,-1,9
 PGP,ZR,0,0,0,0,16.88888888888889,40,-1,-1,1
 PGP,KNN,0,0,chebyshev,all,25.11111111111111,50,-1,9,40
 PGP,RF,20,20,0,15,27.333333333333332,50,-1,-1,44
 PGP,SVM,0,0,Linear,10,27.555555555555557,50,100,-1,44
 PGP,ZR,0,0,0,0,18.11111111111111,50,-1,-1,44
 PGP,KNN,0,0,canberra,all,31.88888888888889,60,-1,11,45
 PGP,RF,10,20,0,20,35.0,60,-1,-1,55
 PGP,SVM,0,0,Linear,10,35.55555555555556,60,100,-1,59
 PGP,ZR,0,0,0,0,24.444444444444443,60,-1,-1,1
 PGP,KNN,0,0,chebyshev,all,36.0,70,-1,11,41
 PGP,RF,10,30,0,15,40.125,70,-1,-1,52
 PGP,SVM,0,0,Linear,15,45.625,70,5,-1,48
 PGP,ZR,0,0,0,0,26.875,70,-1,-1,38
 PGP,KNN,0,0,hamming,all,44.666666666666664,80,-1,5,27
 PGP,RF,10,40,0,10,49.0,80,-1,-1,26
 PGP,SVM,0,0,Linear,10,45.333333333333336,80,10,-1,35
 PGP,ZR,0,0,0,0,35.833333333333336,80,-1,-1,10
 PGP,KNN,0,0,canberra,all,46.4,90,-1,7,41
 PGP,RF,20,50,0,20,55.4,90,-1,-1,26
 PGP,SVM,0,0,Linear,20,46.6,90,100,-1,30
 PGP,ZR,0,0,0,0,42.0,90,-1,-1,20
 PGP,KNN,0,0,chebyshev,all,52.8,100,-1,7,52
 PGP,RF,10,20,0,15,62.8,100,-1,-1,47
 PGP,SVM,0,0,Linear,10,49.6,100,100,-1,62
 PGP,ZR,0,0,0,0,41.0,100,-1,-1,85
 KAI,KNN,0,0,chebyshev,all,4.888888888888889,10,-1,7,7
 KAI,RF,10,50,0,15,4.666666666666667,10,-1,-1,9
 KAI,SVM,0,0,Linear,15,4.444444444444445,10,5,-1,9
 KAI,ZR,0,0,0,0,4.0,10,-1,-1,9
 KAI,KNN,0,0,hamming,all,9.444444444444445,20,-1,9,9
 KAI,RF,20,20,0,22,11.222222222222221,20,-1,-1,12
 KAI,SVM,0,0,Linear,15,10.222222222222221,20,10,-1,2
 KAI,ZR,0,0,0,0,7.888888888888889,20,-1,-1,11
 KAI,KNN,0,0,hamming,all,13.11111111111111,30,-1,11,13
 KAI,RF,50,40,0,10,16.0,30,-1,-1,9
 KAI,SVM,0,0,Linear,15,12.444444444444445,30,1,-1,13
 KAI,ZR,0,0,0,0,14.777777777777779,30,-1,-1,11
 KAI,KNN,0,0,hamming,all,18.666666666666668,40,-1,5,32
 KAI,RF,10,40,0,10,23.88888888888889,40,-1,-1,21
 KAI,SVM,0,0,Linear,10,23.77777777777778,40,0.5,-1,30
 KAI,ZR,0,0,0,0,20.444444444444443,40,-1,-1,40
 KAI,KNN,0,0,braycurtis,all,28.0,50,-1,5,26
 KAI,RF,50,20,0,24,33.55555555555556,50,-1,-1,19
 KAI,SVM,0,0,Linear,20,27.444444444444443,50,0.5,-1,18
 KAI,ZR,0,0,0,0,31.0,50,-1,-1,32
 KAI,KNN,0,0,manhattan,all,35.55555555555556,60,-1,11,35
 KAI,RF,30,20,0,15,39.22222222222222,60,-1,-1,40
 KAI,SVM,0,0,Linear,15,34.0,60,100,-1,45
 KAI,ZR,0,0,0,0,34.111111111111114,60,-1,-1,30
 KAI,KNN,0,0,hamming,all,40.0,70,-1,7,28
 KAI,RF,20,30,0,10,41.77777777777778,70,-1,-1,59
 KAI,SVM,0,0,Linear,10,40.666666666666664,70,10,-1,43
 KAI,ZR,0,0,0,0,41.55555555555556,70,-1,-1,70
 KAI,KNN,0,0,hamming,all,43.333333333333336,80,-1,3,38
 KAI,RF,30,10,0,20,41.111111111111114,80,-1,-1,36
 KAI,SVM,0,0,Linear,10,48.111111111111114,80,0.5,-1,38
 KAI,ZR,0,0,0,0,49.77777777777778,80,-1,-1,38
 KAI,KNN,0,0,canberra,all,49.888888888888886,90,-1,3,47
 KAI,RF,10,10,0,10,51.333333333333336,90,-1,-1,57
 KAI,SVM,0,0,Linear,10,48.111111111111114,90,0.5,-1,51
 KAI,ZR,0,0,0,0,52.888888888888886,90,-1,-1,51
 KAI,KNN,0,0,euclidean,all,50.625,100,-1,5,52
 KAI,RF,50,40,0,10,57.5,100,-1,-1,42
 KAI,SVM,0,0,Linear,10,56.625,100,0.5,-1,66
 KAI,ZR,0,0,0,0,56.625,100,-1,-1,66
 PKX,KNN,0,0,chebyshev,all,6.222222222222222,10,-1,11,7
 PKX,RF,50,20,0,22,6.777777777777778,10,-1,-1,8
 PKX,SVM,0,0,Linear,10,6.0,10,0.5,-1,9
 PKX,ZR,0,0,0,0,4.222222222222222,10,-1,-1,9
 PKX,KNN,0,0,chebyshev,all,9.333333333333334,20,-1,11,17
 PKX,RF,30,50,0,20,11.333333333333334,20,-1,-1,19
 PKX,SVM,0,0,Linear,20,11.0,20,100,-1,19
 PKX,ZR,0,0,0,0,8.666666666666666,20,-1,-1,1
 PKX,KNN,0,0,braycurtis,all,16.88888888888889,30,-1,3,17
 PKX,RF,10,20,0,22,19.666666666666668,30,-1,-1,19
 PKX,SVM,0,0,Linear,20,18.444444444444443,30,5,-1,22
 PKX,ZR,0,0,0,0,10.777777777777779,30,-1,-1,8
 PKX,KNN,0,0,canberra,all,22.666666666666668,40,-1,3,23
 PKX,RF,50,10,0,10,30.88888888888889,40,-1,-1,30
 PKX,SVM,0,0,Linear,15,28.77777777777778,40,1,-1,25
 PKX,ZR,0,0,0,0,17.666666666666668,40,-1,-1,25
 PKX,KNN,0,0,canberra,all,27.333333333333332,50,-1,3,32
 PKX,RF,50,10,0,15,28.88888888888889,50,-1,-1,34
 PKX,SVM,0,0,Linear,10,30.333333333333332,50,10,-1,16
 PKX,ZR,0,0,0,0,25.77777777777778,50,-1,-1,34
 PKX,KNN,0,0,hamming,all,32.666666666666664,60,-1,3,37
 PKX,RF,10,10,0,10,35.0,60,-1,-1,24
 PKX,SVM,0,0,Linear,15,27.666666666666668,60,100,-1,49
 PKX,ZR,0,0,0,0,33.333333333333336,60,-1,-1,52
 PKX,KNN,0,0,euclidean,all,38.77777777777778,70,-1,3,36
 PKX,RF,10,10,0,10,35.44444444444444,70,-1,-1,50
 PKX,SVM,0,0,Linear,10,35.333333333333336,70,0.5,-1,20
 PKX,ZR,0,0,0,0,41.55555555555556,70,-1,-1,52
 PKX,KNN,0,0,euclidean,all,45.55555555555556,80,-1,9,26
 PKX,RF,30,10,0,24,45.44444444444444,80,-1,-1,34
 PKX,SVM,0,0,Linear,15,44.22222222222222,80,0.5,-1,23
 PKX,ZR,0,0,0,0,49.22222222222222,80,-1,-1,24
 PKX,KNN,0,0,hamming,all,50.77777777777778,90,-1,5,32
 PKX,RF,10,10,0,22,46.77777777777778,90,-1,-1,39
 PKX,SVM,0,0,Linear,15,41.333333333333336,90,0.5,-1,46
 PKX,ZR,0,0,0,0,51.77777777777778,90,-1,-1,27
 PKX,KNN,0,0,hamming,all,54.0,100,-1,11,43
 PKX,RF,30,30,0,10,52.0,100,-1,-1,55
 PKX,SVM,0,0,Linear,10,48.25,100,100,-1,41
 PKX,ZR,0,0,0,0,56.5,100,-1,-1,32
 ENIA,KNN,0,0,canberra,all,7.0,10,-1,9,3
 ENIA,RF,40,10,0,20,6.666666666666667,10,-1,-1,2
 ENIA,SVM,0,0,Linear,10,6.888888888888889,10,1,-1,2
 ENIA,ZR,0,0,0,0,7.0,10,-1,-1,2
 ENIA,KNN,0,0,manhattan,all,10.333333333333334,20,-1,3,7
 ENIA,RF,50,20,0,15,12.444444444444445,20,-1,-1,9
 ENIA,SVM,0,0,Linear,20,9.666666666666666,20,0.5,-1,6
 ENIA,ZR,0,0,0,0,9.666666666666666,20,-1,-1,12
 ENIA,KNN,0,0,manhattan,all,22.555555555555557,30,-1,11,16
 ENIA,RF,20,40,0,24,25.0,30,-1,-1,18
 ENIA,SVM,0,0,Linear,15,24.333333333333332,30,5,-1,11
 ENIA,ZR,0,0,0,0,9.0,30,-1,-1,7
 ENIA,KNN,0,0,manhattan,all,25.88888888888889,40,-1,11,16
 ENIA,RF,30,10,0,20,30.88888888888889,40,-1,-1,19
 ENIA,SVM,0,0,Linear,10,29.444444444444443,40,0.5,-1,16
 ENIA,ZR,0,0,0,0,15.0,40,-1,-1,19
 ENIA,KNN,0,0,manhattan,all,28.555555555555557,50,-1,5,28
 ENIA,RF,10,40,0,22,33.888888888888886,50,-1,-1,39
 ENIA,SVM,0,0,Linear,10,33.55555555555556,50,10,-1,48
 ENIA,ZR,0,0,0,0,22.11111111111111,50,-1,-1,34
 ENIA,KNN,0,0,canberra,all,34.22222222222222,60,-1,9,36
 ENIA,RF,50,50,0,15,41.55555555555556,60,-1,-1,27
 ENIA,SVM,0,0,Linear,10,36.0,60,10,-1,27
 ENIA,ZR,0,0,0,0,29.555555555555557,60,-1,-1,33
 ENIA,KNN,0,0,chebyshev,all,37.22222222222222,70,-1,11,32
 ENIA,RF,50,40,0,10,42.0,70,-1,-1,51
 ENIA,SVM,0,0,Linear,15,35.44444444444444,70,0.5,-1,53
 ENIA,ZR,0,0,0,0,34.111111111111114,70,-1,-1,62
 ENIA,KNN,0,0,manhattan,all,46.333333333333336,80,-1,5,36
 ENIA,RF,10,50,0,20,45.0,80,-1,-1,42
 ENIA,SVM,0,0,Linear,15,37.111111111111114,80,5,-1,20
 ENIA,ZR,0,0,0,0,41.55555555555556,80,-1,-1,16
 ENIA,KNN,0,0,hamming,all,45.666666666666664,90,-1,3,46
 ENIA,RF,20,50,0,15,49.0,90,-1,-1,51
 ENIA,SVM,0,0,Linear,10,38.888888888888886,90,1,-1,61
 ENIA,ZR,0,0,0,0,42.111111111111114,90,-1,-1,61
 ENIA,KNN,0,0,hamming,all,55.875,100,-1,9,51
 ENIA,RF,10,40,0,15,50.5,100,-1,-1,46
 ENIA,SVM,0,0,Linear,15,53.125,100,100,-1,78
 ENIA,ZR,0,0,0,0,47.5,100,-1,-1,79
 BBY,KNN,0,0,braycurtis,all,5.666666666666667,10,-1,11,4
 BBY,RF,10,10,0,15,6.222222222222222,10,-1,-1,9
 BBY,SVM,0,0,Linear,15,4.333333333333333,10,5,-1,10
 BBY,ZR,0,0,0,0,4.0,10,-1,-1,9
 BBY,KNN,0,0,chebyshev,all,11.88888888888889,20,-1,9,11
 BBY,RF,20,40,0,22,12.444444444444445,20,-1,-1,4
 BBY,SVM,0,0,Linear,20,12.555555555555555,20,1,-1,15
 BBY,ZR,0,0,0,0,9.0,20,-1,-1,0
 BBY,KNN,0,0,hamming,all,14.555555555555555,30,-1,3,16
 BBY,RF,30,30,0,15,21.0,30,-1,-1,25
 BBY,SVM,0,0,Linear,15,19.333333333333332,30,1,-1,24
 BBY,ZR,0,0,0,0,15.222222222222221,30,-1,-1,22
 BBY,KNN,0,0,manhattan,all,25.666666666666668,40,-1,11,16
 BBY,RF,20,30,0,22,28.555555555555557,40,-1,-1,23
 BBY,SVM,0,0,Linear,10,31.555555555555557,40,5,-1,18
 BBY,ZR,0,0,0,0,26.22222222222222,40,-1,-1,18
 BBY,KNN,0,0,manhattan,all,32.111111111111114,50,-1,11,32
 BBY,RF,30,30,0,24,32.333333333333336,50,-1,-1,32
 BBY,SVM,0,0,Linear,10,33.888888888888886,50,100,-1,42
 BBY,ZR,0,0,0,0,31.555555555555557,50,-1,-1,8
 BBY,KNN,0,0,braycurtis,all,39.55555555555556,60,-1,11,27
 BBY,RF,20,40,0,15,41.77777777777778,60,-1,-1,50
 BBY,SVM,0,0,Linear,15,39.888888888888886,60,100,-1,50
 BBY,ZR,0,0,0,0,31.666666666666668,60,-1,-1,8
 BBY,KNN,0,0,canberra,all,40.666666666666664,70,-1,5,34
 BBY,RF,20,20,0,22,50.111111111111114,70,-1,-1,32
 BBY,SVM,0,0,Linear,10,48.111111111111114,70,0.5,-1,21
 BBY,ZR,0,0,0,0,32.333333333333336,70,-1,-1,43
 BBY,KNN,0,0,canberra,all,46.0,80,-1,11,25
 BBY,RF,10,10,0,15,49.111111111111114,80,-1,-1,41
 BBY,SVM,0,0,Linear,10,55.111111111111114,80,100,-1,27
 BBY,ZR,0,0,0,0,40.55555555555556,80,-1,-1,65
 BBY,KNN,0,0,canberra,all,53.55555555555556,90,-1,9,46
 BBY,RF,50,40,0,20,58.666666666666664,90,-1,-1,75
 BBY,SVM,0,0,Linear,10,61.22222222222222,90,0.5,-1,34
 BBY,ZR,0,0,0,0,44.888888888888886,90,-1,-1,34
 BBY,KNN,0,0,manhattan,all,57.25,100,-1,11,43
 BBY,RF,10,10,0,24,55.375,100,-1,-1,57
 BBY,SVM,0,0,Linear,10,62.875,100,0.5,-1,33
 BBY,ZR,0,0,0,0,49.875,100,-1,-1,47
 TSM,KNN,0,0,euclidean,all,5.0,10,-1,3,6
 TSM,RF,40,40,0,20,5.222222222222222,10,-1,-1,9
 TSM,SVM,0,0,Linear,10,3.7777777777777777,10,0.5,-1,7
 TSM,ZR,0,0,0,0,3.7777777777777777,10,-1,-1,7
 TSM,KNN,0,0,hamming,all,10.555555555555555,20,-1,7,7
 TSM,RF,10,40,0,15,11.0,20,-1,-1,5
 TSM,SVM,0,0,Linear,20,11.11111111111111,20,0.5,-1,6
 TSM,ZR,0,0,0,0,8.777777777777779,20,-1,-1,0
 TSM,KNN,0,0,canberra,all,16.0,30,-1,9,8
 TSM,RF,10,10,0,24,19.22222222222222,30,-1,-1,5
 TSM,SVM,0,0,Linear,10,17.77777777777778,30,100,-1,11
 TSM,ZR,0,0,0,0,15.11111111111111,30,-1,-1,2
 TSM,KNN,0,0,chebyshev,all,20.11111111111111,40,-1,5,37
 TSM,RF,50,20,0,10,22.77777777777778,40,-1,-1,35
 TSM,SVM,0,0,Linear,20,23.77777777777778,40,10,-1,40
 TSM,ZR,0,0,0,0,18.77777777777778,40,-1,-1,40
 TSM,KNN,0,0,hamming,all,27.77777777777778,50,-1,11,29
 TSM,RF,10,40,0,15,25.11111111111111,50,-1,-1,43
 TSM,SVM,0,0,Linear,10,29.11111111111111,50,5,-1,46
 TSM,ZR,0,0,0,0,28.0,50,-1,-1,46
 TSM,KNN,0,0,braycurtis,all,36.333333333333336,60,-1,5,27
 TSM,RF,30,20,0,24,37.0,60,-1,-1,34
 TSM,SVM,0,0,Linear,10,37.55555555555556,60,10,-1,34
 TSM,ZR,0,0,0,0,38.44444444444444,60,-1,-1,34
 TSM,KNN,0,0,braycurtis,all,42.77777777777778,70,-1,7,40
 TSM,RF,10,40,0,10,49.333333333333336,70,-1,-1,39
 TSM,SVM,0,0,Linear,10,47.55555555555556,70,100,-1,47
 TSM,ZR,0,0,0,0,48.333333333333336,70,-1,-1,36
 TSM,KNN,0,0,braycurtis,all,49.333333333333336,80,-1,11,47
 TSM,RF,10,30,0,22,56.333333333333336,80,-1,-1,36
 TSM,SVM,0,0,Linear,10,52.888888888888886,80,0.5,-1,50
 TSM,ZR,0,0,0,0,53.77777777777778,80,-1,-1,50
 TSM,KNN,0,0,canberra,all,56.55555555555556,90,-1,11,42
 TSM,RF,50,10,0,24,61.666666666666664,90,-1,-1,40
 TSM,SVM,0,0,Linear,10,60.333333333333336,90,0.5,-1,39
 TSM,ZR,0,0,0,0,58.666666666666664,90,-1,-1,39
 TSM,KNN,0,0,braycurtis,all,59.5,100,-1,7,52
 TSM,RF,10,10,0,20,68.5,100,-1,-1,59
 TSM,SVM,0,0,Linear,10,62.5,100,0.5,-1,51
 TSM,ZR,0,0,0,0,62.25,100,-1,-1,51
 PUK,KNN,0,0,canberra,all,5.777777777777778,10,-1,5,4
 PUK,RF,30,30,0,20,7.444444444444445,10,-1,-1,5
 PUK,SVM,0,0,Linear,15,6.0,10,0.5,-1,4
 PUK,ZR,0,0,0,0,5.111111111111111,10,-1,-1,4
 PUK,KNN,0,0,hamming,all,11.88888888888889,20,-1,11,7
 PUK,RF,40,10,0,24,11.666666666666666,20,-1,-1,7
 PUK,SVM,0,0,Linear,20,11.444444444444445,20,0.5,-1,7
 PUK,ZR,0,0,0,0,10.666666666666666,20,-1,-1,13
 PUK,KNN,0,0,hamming,all,15.333333333333334,30,-1,3,12
 PUK,RF,20,20,0,20,19.88888888888889,30,-1,-1,8
 PUK,SVM,0,0,Linear,10,20.88888888888889,30,100,-1,15
 PUK,ZR,0,0,0,0,12.222222222222221,30,-1,-1,14
 PUK,KNN,0,0,hamming,all,19.77777777777778,40,-1,3,20
 PUK,RF,30,40,0,10,25.666666666666668,40,-1,-1,11
 PUK,SVM,0,0,Linear,10,26.0,40,1,-1,27
 PUK,ZR,0,0,0,0,18.555555555555557,40,-1,-1,27
 PUK,KNN,0,0,canberra,all,26.444444444444443,50,-1,9,37
 PUK,RF,40,20,0,20,32.0,50,-1,-1,36
 PUK,SVM,0,0,Linear,10,32.77777777777778,50,100,-1,50
 PUK,ZR,0,0,0,0,27.555555555555557,50,-1,-1,50
 PUK,KNN,0,0,euclidean,all,37.666666666666664,60,-1,7,25
 PUK,RF,30,10,0,20,42.666666666666664,60,-1,-1,28
 PUK,SVM,0,0,Linear,20,45.111111111111114,60,100,-1,15
 PUK,ZR,0,0,0,0,38.666666666666664,60,-1,-1,15
 PUK,KNN,0,0,euclidean,all,41.55555555555556,70,-1,11,32
 PUK,RF,50,30,0,10,49.333333333333336,70,-1,-1,20
 PUK,SVM,0,0,Linear,20,49.333333333333336,70,100,-1,46
 PUK,ZR,0,0,0,0,44.666666666666664,70,-1,-1,41
 PUK,KNN,0,0,canberra,all,46.888888888888886,80,-1,11,41
 PUK,RF,30,20,0,20,55.888888888888886,80,-1,-1,48
 PUK,SVM,0,0,Linear,10,57.55555555555556,80,5,-1,27
 PUK,ZR,0,0,0,0,48.77777777777778,80,-1,-1,26
 PUK,KNN,0,0,euclidean,all,53.0,90,-1,9,34
 PUK,RF,10,20,0,24,63.625,90,-1,-1,58
 PUK,SVM,0,0,Linear,10,64.125,90,0.5,-1,26
 PUK,ZR,0,0,0,0,53.375,90,-1,-1,26
 PUK,KNN,0,0,manhattan,all,63.285714285714285,100,-1,11,32
 PUK,RF,20,10,0,10,72.28571428571429,100,-1,-1,40
 PUK,SVM,0,0,Linear,10,63.714285714285715,100,1,-1,28
 PUK,ZR,0,0,0,0,61.0,100,-1,-1,24
 BMI,KNN,0,0,chebyshev,all,6.555555555555555,10,-1,11,8
 BMI,RF,20,10,0,15,6.444444444444445,10,-1,-1,9
 BMI,SVM,0,0,Linear,10,6.888888888888889,10,0.5,-1,9
 BMI,ZR,0,0,0,0,6.888888888888889,10,-1,-1,9
 BMI,KNN,0,0,euclidean,all,10.0,20,-1,7,7
 BMI,RF,10,40,0,10,10.666666666666666,20,-1,-1,4
 BMI,SVM,0,0,Linear,20,7.111111111111111,20,100,-1,5
 BMI,ZR,0,0,0,0,10.0,20,-1,-1,0
 BMI,KNN,0,0,canberra,all,16.77777777777778,30,-1,11,3
 BMI,RF,10,30,0,22,19.0,30,-1,-1,4
 BMI,SVM,0,0,Linear,20,17.666666666666668,30,5,-1,11
 BMI,ZR,0,0,0,0,16.0,30,-1,-1,0
 BMI,KNN,0,0,braycurtis,all,23.555555555555557,40,-1,7,26
 BMI,RF,10,30,0,10,27.333333333333332,40,-1,-1,30
 BMI,SVM,0,0,Linear,15,29.77777777777778,40,5,-1,34
 BMI,ZR,0,0,0,0,23.555555555555557,40,-1,-1,30
 BMI,KNN,0,0,hamming,all,33.666666666666664,50,-1,7,35
 BMI,RF,20,10,0,24,37.22222222222222,50,-1,-1,9
 BMI,SVM,0,0,Linear,10,33.55555555555556,50,0.5,-1,7
 BMI,ZR,0,0,0,0,35.333333333333336,50,-1,-1,42
 BMI,KNN,0,0,hamming,all,40.333333333333336,60,-1,11,14
 BMI,RF,50,10,0,15,40.44444444444444,60,-1,-1,34
 BMI,SVM,0,0,Linear,20,32.0,60,1,-1,33
 BMI,ZR,0,0,0,0,41.55555555555556,60,-1,-1,11
 BMI,KNN,0,0,canberra,all,41.111111111111114,70,-1,11,40
 BMI,RF,20,10,0,10,51.111111111111114,70,-1,-1,52
 BMI,SVM,0,0,Linear,15,39.22222222222222,70,0.5,-1,38
 BMI,ZR,0,0,0,0,42.666666666666664,70,-1,-1,63
 BMI,KNN,0,0,hamming,all,45.111111111111114,80,-1,11,38
 BMI,RF,30,50,0,10,58.77777777777778,80,-1,-1,48
 BMI,SVM,0,0,Linear,15,42.333333333333336,80,100,-1,44
 BMI,ZR,0,0,0,0,48.77777777777778,80,-1,-1,39
 BMI,KNN,0,0,hamming,all,53.25,90,-1,7,39
 BMI,RF,50,20,0,10,51.375,90,-1,-1,62
 BMI,SVM,0,0,Linear,15,43.25,90,0.5,-1,38
 BMI,ZR,0,0,0,0,55.25,90,-1,-1,38
 BMI,KNN,0,0,hamming,all,60.0,100,-1,5,37
 BMI,RF,20,50,0,10,64.0,100,-1,-1,67
 BMI,SVM,0,0,Linear,20,47.0,100,5,-1,30
 BMI,ZR,0,0,0,0,60.0,100,-1,-1,33
 S,KNN,0,0,canberra,all,5.0,10,-1,3,6
 S,RF,10,10,0,10,5.333333333333333,10,-1,-1,3
 S,SVM,0,0,Linear,15,4.666666666666667,10,1,-1,5
 S,ZR,0,0,0,0,3.111111111111111,10,-1,-1,6
 S,KNN,0,0,hamming,all,9.555555555555555,20,-1,11,7
 S,RF,20,40,0,15,9.777777777777779,20,-1,-1,11
 S,SVM,0,0,Linear,20,12.0,20,0.5,-1,1
 S,ZR,0,0,0,0,8.222222222222221,20,-1,-1,1
 S,KNN,0,0,canberra,all,17.555555555555557,30,-1,11,19
 S,RF,30,50,0,24,21.0,30,-1,-1,18
 S,SVM,0,0,Linear,10,20.11111111111111,30,100,-1,20
 S,ZR,0,0,0,0,8.444444444444445,30,-1,-1,18
 S,KNN,0,0,braycurtis,all,23.22222222222222,40,-1,9,18
 S,RF,50,30,0,20,27.333333333333332,40,-1,-1,30
 S,SVM,0,0,Linear,10,24.555555555555557,40,100,-1,27
 S,ZR,0,0,0,0,14.444444444444445,40,-1,-1,10
 S,KNN,0,0,euclidean,all,26.444444444444443,50,-1,5,25
 S,RF,10,40,0,15,30.333333333333332,50,-1,-1,31
 S,SVM,0,0,Linear,15,23.333333333333332,50,10,-1,28
 S,ZR,0,0,0,0,22.88888888888889,50,-1,-1,32
 S,KNN,0,0,hamming,all,29.333333333333332,60,-1,9,32
 S,RF,10,20,0,24,34.666666666666664,60,-1,-1,31
 S,SVM,0,0,Linear,20,33.111111111111114,60,0.5,-1,20
 S,ZR,0,0,0,0,25.0,60,-1,-1,35
 S,KNN,0,0,chebyshev,all,37.77777777777778,70,-1,3,33
 S,RF,20,50,0,10,42.666666666666664,70,-1,-1,33
 S,SVM,0,0,Linear,10,38.22222222222222,70,5,-1,23
 S,ZR,0,0,0,0,34.666666666666664,70,-1,-1,27
 S,KNN,0,0,braycurtis,all,44.55555555555556,80,-1,7,48
 S,RF,10,50,0,22,47.888888888888886,80,-1,-1,43
 S,SVM,0,0,Linear,10,49.0,80,1,-1,39
 S,ZR,0,0,0,0,42.77777777777778,80,-1,-1,45
 S,KNN,0,0,chebyshev,all,50.77777777777778,90,-1,5,46
 S,RF,10,50,0,22,51.666666666666664,90,-1,-1,36
 S,SVM,0,0,Linear,15,51.888888888888886,90,100,-1,43
 S,ZR,0,0,0,0,34.22222222222222,90,-1,-1,40
 S,KNN,0,0,manhattan,all,55.0,100,-1,3,44
 S,RF,10,30,0,15,58.125,100,-1,-1,42
 S,SVM,0,0,Linear,15,57.25,100,1,-1,38
 S,ZR,0,0,0,0,47.25,100,-1,-1,62
 EV,KNN,0,0,euclidean,all,6.222222222222222,10,-1,9,5
 EV,RF,30,30,0,15,6.333333333333333,10,-1,-1,5
 EV,SVM,0,0,Linear,10,5.888888888888889,10,0.5,-1,5
 EV,ZR,0,0,0,0,5.888888888888889,10,-1,-1,5
 EV,KNN,0,0,braycurtis,all,11.11111111111111,20,-1,5,7
 EV,RF,50,20,0,10,13.555555555555555,20,-1,-1,14
 EV,SVM,0,0,Linear,10,12.555555555555555,20,10,-1,19
 EV,ZR,0,0,0,0,7.888888888888889,20,-1,-1,0
 EV,KNN,0,0,manhattan,all,14.333333333333334,30,-1,5,8
 EV,RF,10,10,0,15,19.77777777777778,30,-1,-1,14
 EV,SVM,0,0,Linear,15,14.777777777777779,30,100,-1,18
 EV,ZR,0,0,0,0,7.444444444444445,30,-1,-1,8
 EV,KNN,0,0,braycurtis,all,19.0,40,-1,3,24
 EV,RF,10,20,0,10,25.333333333333332,40,-1,-1,38
 EV,SVM,0,0,Linear,15,25.333333333333332,40,5,-1,40
 EV,ZR,0,0,0,0,15.555555555555555,40,-1,-1,40
 EV,KNN,0,0,canberra,all,27.0,50,-1,7,31
 EV,RF,10,50,0,20,32.77777777777778,50,-1,-1,15
 EV,SVM,0,0,Linear,15,32.111111111111114,50,10,-1,17
 EV,ZR,0,0,0,0,23.0,50,-1,-1,25
 EV,KNN,0,0,braycurtis,all,33.22222222222222,60,-1,7,21
 EV,RF,20,10,0,20,40.22222222222222,60,-1,-1,31
 EV,SVM,0,0,Linear,10,36.55555555555556,60,10,-1,4
 EV,ZR,0,0,0,0,30.333333333333332,60,-1,-1,3
 EV,KNN,0,0,manhattan,all,39.22222222222222,70,-1,5,39
 EV,RF,40,20,0,10,44.22222222222222,70,-1,-1,40
 EV,SVM,0,0,Linear,10,33.0,70,0.5,-1,53
 EV,ZR,0,0,0,0,35.888888888888886,70,-1,-1,55
 EV,KNN,0,0,hamming,all,45.333333333333336,80,-1,11,40
 EV,RF,40,40,0,10,46.0,80,-1,-1,44
 EV,SVM,0,0,Linear,10,37.333333333333336,80,0.5,-1,44
 EV,ZR,0,0,0,0,43.666666666666664,80,-1,-1,41
 EV,KNN,0,0,canberra,all,49.22222222222222,90,-1,7,32
 EV,RF,20,30,0,10,56.44444444444444,90,-1,-1,41
 EV,SVM,0,0,Linear,20,41.22222222222222,90,0.5,-1,16
 EV,ZR,0,0,0,0,48.666666666666664,90,-1,-1,16
 EV,KNN,0,0,chebyshev,all,50.25,100,-1,9,38
 EV,RF,20,30,0,10,59.375,100,-1,-1,33
 EV,SVM,0,0,Linear,20,53.75,100,10,-1,32
 EV,ZR,0,0,0,0,54.75,100,-1,-1,30
 MCI,KNN,0,0,canberra,all,9.333333333333334,10,-1,5,8
 MCI,RF,20,10,0,22,9.333333333333334,10,-1,-1,8
 MCI,SVM,0,0,Linear,10,9.333333333333334,10,0.5,-1,8
 MCI,ZR,0,0,0,0,9.333333333333334,10,-1,-1,8
 MCI,KNN,0,0,chebyshev,all,14.666666666666666,20,-1,7,20
 MCI,RF,20,10,0,22,15.0,20,-1,-1,20
 MCI,SVM,0,0,Linear,15,14.0,20,1,-1,20
 MCI,ZR,0,0,0,0,13.88888888888889,20,-1,-1,20
 MCI,KNN,0,0,euclidean,all,21.555555555555557,30,-1,9,25
 MCI,RF,30,30,0,15,23.22222222222222,30,-1,-1,29
 MCI,SVM,0,0,Linear,20,23.22222222222222,30,100,-1,29
 MCI,ZR,0,0,0,0,7.222222222222222,30,-1,-1,1
 MCI,KNN,0,0,manhattan,all,29.22222222222222,40,-1,11,21
 MCI,RF,20,40,0,15,33.111111111111114,40,-1,-1,40
 MCI,SVM,0,0,Linear,15,34.111111111111114,40,100,-1,40
 MCI,ZR,0,0,0,0,7.333333333333333,40,-1,-1,0
 MCI,KNN,0,0,braycurtis,all,25.11111111111111,50,-1,11,16
 MCI,RF,20,30,0,22,31.11111111111111,50,-1,-1,13
 MCI,SVM,0,0,Linear,15,35.22222222222222,50,100,-1,21
 MCI,ZR,0,0,0,0,13.666666666666666,50,-1,-1,9
 MCI,KNN,0,0,manhattan,all,24.22222222222222,60,-1,5,13
 MCI,RF,10,40,0,20,26.88888888888889,60,-1,-1,15
 MCI,SVM,0,0,Linear,15,30.555555555555557,60,100,-1,15
 MCI,ZR,0,0,0,0,17.444444444444443,60,-1,-1,15
 MCI,KNN,0,0,braycurtis,all,32.333333333333336,70,-1,7,56
 MCI,RF,10,10,0,10,36.0,70,-1,-1,0
 MCI,SVM,0,0,Linear,20,27.444444444444443,70,100,-1,6
 MCI,ZR,0,0,0,0,26.444444444444443,70,-1,-1,70
 MCI,KNN,0,0,canberra,all,37.888888888888886,80,-1,11,70
 MCI,RF,10,30,0,24,40.77777777777778,80,-1,-1,54
 MCI,SVM,0,0,Linear,20,36.44444444444444,80,0.5,-1,80
 MCI,ZR,0,0,0,0,36.77777777777778,80,-1,-1,80
 MCI,KNN,0,0,euclidean,all,47.666666666666664,90,-1,11,31
 MCI,RF,20,10,0,24,43.333333333333336,90,-1,-1,33
 MCI,SVM,0,0,Linear,10,53.22222222222222,90,100,-1,44
 MCI,ZR,0,0,0,0,51.77777777777778,90,-1,-1,44
 MCI,KNN,0,0,canberra,all,56.375,100,-1,11,51
 MCI,RF,40,30,0,10,64.75,100,-1,-1,57
 MCI,SVM,0,0,Linear,10,62.625,100,0.5,-1,57
 MCI,ZR,0,0,0,0,63.125,100,-1,-1,57
 